
/**
** 	Initial data load
**/

USE ${schemaName};

INSERT INTO application_schema_version (major_version) VALUES (0);

INSERT INTO subject (id, name) VALUES
  (1, 'Math'),
  (2, 'ELA');

INSERT INTO grade (id, code, name) VALUES
  (16, 'IT', 'Infant/toddler'),
  (17, 'PR', 'Preschool'),  
  (18, 'PK', 'Prekindergarten'),
  (19, 'TK', 'Transitional Kindergarten'),
  (0,  'KG', 'Kindergarten'),
  (1,  '01', 'First grade'),
  (2,  '02', 'Second grade'),
  (3,  '03', 'Third grade'),
  (4,  '04', 'Fourth grade'),
  (5,  '05', 'Fifth grade'),
  (6,  '06', 'Sixth grade'),
  (7,  '07', 'Seventh grade'),
  (8,  '08', 'Eighth grade'),
  (9,  '09', 'Ninth grade'),
  (10, '10', 'Tenth grade'),
  (11, '11', 'Eleventh grade'), 
  (12, '12', 'Twelfth grade'), 
  (13, '13', 'Grade 13'),
  (14, 'PS', 'Postsecondary'), 
  (15, 'UG', 'Ungraded');

INSERT INTO asmt_type (id, code, name) VALUES
  (1, 'ica', 'Interim Comprehensive'),
  (2, 'iab', 'Interim Assessment Block'),
  (3, 'sum', 'Summative');

INSERT INTO subject_claim_score (id, subject_id, asmt_type_id, code, name) VALUES
  (1,  1, 1, '1', 'Concepts' ),
  (2,  1, 1, 'SOCK_2', 'PSMDA (Problem Solving and Modeling & Data Analysis)'),
  (3,  1, 1, '3', 'Reasoning'),
  (4,  2, 1, 'SOCK_R' , 'Reading'),
  (5,  2, 1, 'SOCK_LS', 'Listening'),
  (6,  2, 1, '2-W', 'Writing'),
  (7,  2, 1, '4-CR', 'Research'),
  (8,  1, 3, '1', 'Concepts' ),
  (9,  1, 3, 'SOCK_2', 'PSMDA (Problem Solving and Modeling & Data Analysis)'),
  (10, 1, 3, '3', 'Reasoning'),
  (11, 2, 3, 'SOCK_R' , 'Reading'),
  (12, 2, 3, 'SOCK_LS', 'Listening'),
  (13, 2, 3, '2-W', 'Writing'),
  (14, 2, 3, '4-CR', 'Research');

INSERT INTO completeness (id, name) VALUES
  (1, 'Partial'),
  (2, 'Complete');

INSERT INTO administration_condition (id, name) VALUES
  (1, 'Valid'),
  (2, 'SD'),
  (3, 'NS'),
  (4, 'IN');

INSERT INTO ethnicity (id, name) VALUES
  (1, 'HispanicOrLatinoEthnicity'),
  (2, 'AmericanIndianOrAlaskaNative'),
  (3, 'Asian'),
  (4, 'BlackOrAfricanAmerican'),
  (5, 'White'),
  (6, 'NativeHawaiianOrOtherPacificIslander'),
  (7, 'DemographicRaceTwoOrMoreRaces'),
  (8, 'Filipino');

INSERT INTO gender (id, name) VALUES
  (1, 'Male'),
  (2, 'Female');

-- the ids in this table has to match ids hardcoded in the application
INSERT INTO item_trait_score (id, dimension) VALUES
  (1, 'Evidence/Elaboration'),
  (2, 'Organization/Purpose'),
  (3, 'Conventions');

INSERT INTO item_difficulty_cuts (id, asmt_type_id, subject_id, grade_id, moderate_low_end, difficult_low_end) VALUES
  (1, 1, 2, 3, -1.93882, -0.43906),
  (2, 1, 2, 4, -1.51022, 0.14288),
  (3, 1, 2, 5, -1.07082, 0.55842),
  (4, 1, 2, 6, -0.88783, 0.88783),
  (5, 1, 2, 7, -0.72150, 1.06739),
  (6, 1, 2, 8, -0.47018, 1.34599),
  (7, 1, 2, 11, -0.38186, 1.54790),

  (8, 1, 1, 3, -1.86632, -0.61482),
  (9, 1, 1, 4, -1.33005, -0.00367),
  (10, 1, 1, 5, -0.98177, 0.42321),
  (11, 1, 1, 6, -0.74333, 0.74333),
  (12, 1, 1, 7, -0.61866, 0.91307),
  (13, 1, 1, 8, -0.50969, 1.19076),
  (14, 1, 1, 11, -0.34891, 1.60976),

  (15, 2, 2, 3, -1.93882, -0.43906),
  (16, 2, 2, 4, -1.51022, 0.14288),
  (17, 2, 2, 5, -1.07082, 0.55842),
  (18, 2, 2, 6, -0.88783, 0.88783),
  (19, 2, 2, 7, -0.72150, 1.06739),
  (20, 2, 2, 8, -0.47018, 1.34599),
  (21, 2, 2, 11, -0.38186, 1.54790),

  (22, 2, 1, 3, -1.86632, -0.61482),
  (23, 2, 1, 4, -1.33005, -0.00367),
  (24, 2, 1, 5, -0.98177, 0.42321),
  (25, 2, 1, 6, -0.74333, 0.74333),
  (26, 2, 1, 7, -0.61866, 0.91307),
  (27, 2, 1, 8, -0.50969, 1.19076),
  (28, 2, 1, 11, -0.34891, 1.60976);

INSERT INTO depth_of_knowledge (id, level, subject_id, description, reference) VALUES
  (1, 1, 1, 'Recall and Reproduction', 'https://portal.smarterbalanced.org/library/en/mathematics-content-specifications.pdf#page=72'),
  (2, 2, 1, 'Basic Skills and Concepts', 'https://portal.smarterbalanced.org/library/en/mathematics-content-specifications.pdf#page=72'),
  (3, 3, 1, 'Strategic Thinking and Reasoning', 'https://portal.smarterbalanced.org/library/en/mathematics-content-specifications.pdf#page=72'),
  (4, 4, 1, 'Extended Thinking', 'https://portal.smarterbalanced.org/library/en/mathematics-content-specifications.pdf#page=72'),
  (5, 1, 2, 'Recall and Reproduction', 'https://portal.smarterbalanced.org/library/en/english-language-artsliteracy-content-specifications.pdf#page=54'),
  (6, 2, 2, 'Basic Skills and Concepts', 'https://portal.smarterbalanced.org/library/en/english-language-artsliteracy-content-specifications.pdf#page=54'),
  (7, 3, 2, 'Strategic Thinking and Reasoning', 'https://portal.smarterbalanced.org/library/en/english-language-artsliteracy-content-specifications.pdf#page=54'),
  (8, 4, 2, 'Extended Thinking', 'https://portal.smarterbalanced.org/library/en/english-language-artsliteracy-content-specifications.pdf#page=54');

INSERT INTO math_practice (practice, description) VALUES
  (1, 'Make sense of problems and persevere in solving them'),
  (2, 'Reason abstractly and quantitatively'),
  (3, 'Construct viable arguments and critique the reasoning of others'),
  (4, 'Model with mathematics'),
  (5, 'Use appropriate tools strategically'),
  (6, 'Attend to precision'),
  (7, 'Look for and make use of structure'),
  (8, 'Look for and express regularity in repeated reasoning');

INSERT INTO import_content (id, name) VALUES
  (1, 'EXAM'),
  (2, 'PACKAGE'),
  (3, 'CODES'),
  (4, 'ORGANIZATION'),
  (5, 'GROUPS');

INSERT INTO import_status (id, name) VALUES
  (-5, 'UNKNOWN_ASMT'),
  (-4, 'UNAUTHORIZED'),
  (-3, 'BAD_DATA'),
  (-2, 'BAD_FORMAT'),
  (-1, 'INVALID'),
  (0, 'ACCEPTED'),
  (1, 'PROCESSED'),
  (2, 'PUBLISHED');

-- This is intended to trigger a migration of all the tables that define codified data
INSERT INTO import(status, content, contentType, digest) VALUES
  (1, 3, 'initial load', 'initial load');

INSERT INTO language (id, code) VALUES
  (1, 'eng'),
  (2, 'spa'),
  (3, 'vie');

-- below data is loaded from https://github.com/SmarterApp/SS_CoreStandards/tree/master/Documents/Imports

INSERT INTO claim (id, subject_id, code, name, description) VALUES
  (1, 2, '1-IT', 'Read Analytically: Informational Text', 'Read Analytically: Informational Text - Students can read closely and analytically to comprehend a range of increasingly complex literary and informational texts.'),
  (2, 2, '1-LT', 'Read Analytically: Literary Text', 'Read Analytically: Literary Text - Students can read closely and analytically to comprehend a range of increasingly complex literary and informational texts.'),
  (3, 2, '2-W', 'Write Effectively', 'Write Effectively - Students can produce effective and well-grounded writing for a range of purposes and audiences.'),
  (4, 2, '3-L', 'Listen Purposefully', 'Speak and Listen purposefully - Students can employ effective speaking and listening skills for a range of purposes and audiences.'),
  (5, 2, '3-S', 'Speak Purposefully', 'Speak and Listen purposefully - Students can employ effective speaking and listening skills for a range of purposes and audiences.'),
  (6, 2, '4-CR', 'Conduct Research', 'Conduct Research - Students can engage in research/ inquiry to investigate topics and to analyze, integrate, and present information.'),
  (7, 2, 'NA', 'NA', 'NA'),
  (8, 1, '1', 'Concepts and Procedures', 'Concepts and Procedures - Students can explain and apply mathematical concepts and interpret and carry out mathematical procedures with precision and fluency.'),
  (9, 1, '2', 'Problem Solving', 'Problem Solving - Students can solve a range of complex well-posed problems in pure and applied mathematics, making productive use of knowledge and problem solving strategies.'),
  (10, 1, '3', 'Communicating Reasoning', 'Communicating Reasoning - Students can clearly and precisely construct viable arguments to support their own reasoning and to critique the reasoning of others.'),
  (11, 1, '4', 'Modeling and Data Analysis', 'Modeling and Data Analysis - Students can analyze complex, real-world scenarios and can construct and use mathematical models to interpret and solve problems.');


INSERT INTO target (claim_id, code, description) VALUES
  -- ELA targets
  ((select id from claim where subject_id = 2 and code = '1-IT'), '10-1', 'WORD MEANINGS: Determine intended meanings of words, including domain-specific (tier 3) words and academic (tier 2) words with multiple meanings, based on context, word relationships, word structure (e.g., common roots, affixes), or use of resources (e.g., beginning dictionary, glossary)'),
  ((select id from claim where subject_id = 2 and code = '1-IT'), '10-10', 'WORD MEANINGS: Determine intended or precise meanings of words, including domain-specific/technical (tier 3) terms, distinguishing connotation-denotation, and words with multiple meanings (academic/tier 2 words), based on context, word patterns, relationships, etymology, or use of specialized resources (e.g., dictionary, glossary, digital tools)'),
  ((select id from claim where subject_id = 2 and code = '1-IT'), '10-11', 'WORD MEANINGS: Determine intended or precise meanings of words, including domain-specific/technical (tier 3) terms, distinguishing connotation-denotation, and words with multiple meanings (academic/tier 2 words), based on context, word patterns, relationships, etymology, or use of specialized resources (e.g., dictionary, glossary, digital tools)'),
  ((select id from claim where subject_id = 2 and code = '1-IT'), '10-12', 'WORD MEANINGS: Determine intended or precise meanings of words, including domain-specific/technical (tier 3) terms, distinguishing connotation-denotation, and words with multiple meanings (academic/tier 2 words), based on context, word patterns, relationships, etymology, or use of specialized resources (e.g., dictionary, glossary, digital tools)'),
  ((select id from claim where subject_id = 2 and code = '1-IT'), '10-2', 'WORD MEANINGS: Determine intended meanings of words, including domain-specific (tier 3) words and academic (tier 2) words with multiple meanings, based on context, word relationships, word structure (e.g., common roots, affixes), or use of resources (e.g., beginning dictionary, glossary)'),
  ((select id from claim where subject_id = 2 and code = '1-IT'), '10-3', 'WORD MEANINGS: Determine intended meanings of words, including domain-specific (tier 3) words and academic (tier 2) words with multiple meanings, based on context, word relationships, word structure (e.g., common roots, affixes), or use of resources (e.g., beginning dictionary, glossary)'),
  ((select id from claim where subject_id = 2 and code = '1-IT'), '10-4', 'WORD MEANINGS: Determine intended meanings of words, including domain-specific (tier 3) words and academic (tier 2) words with multiple meanings, based on context, word relationships (e.g., synonyms), word structure (e.g., common Greek or Latin roots, affixes), or use of resources (e.g., dictionary, glossary)'),
  ((select id from claim where subject_id = 2 and code = '1-IT'), '10-5', 'WORD MEANINGS: Determine intended or precise meanings of words, including domain-specific (tier 3) words and words with multiple meanings (academic/tier 2 words), based on context, word relationships (e.g., antonyms, homographs), word structure (e.g., common Greek or Latin roots, affixes), or use of resources (e.g., dictionary, glossary)'),
  ((select id from claim where subject_id = 2 and code = '1-IT'), '10-6', 'WORD MEANINGS: Determine intended or precise meanings of words, including domain-specific (tier 3) words and words with multiple meanings (academic/tier 2 words), based on context, word relationships (e.g., antonyms, homographs), word structure (e.g., common Greek or Latin roots, affixes), or use of resources (e.g., dictionary, glossary, digital tools)'),
  ((select id from claim where subject_id = 2 and code = '1-IT'), '10-7', 'WORD MEANINGS: Determine intended or precise meanings of words, including domainspecific (tier 3) words and words with multiple meanings (academic/tier 2 words), based on context, word relationships (e.g., antonyms, homographs), word structure (e.g., common Greek or Latin roots, affixes), or use of resources (e.g., dictionary, glossary, inset text)'),
  ((select id from claim where subject_id = 2 and code = '1-IT'), '10-8', 'WORD MEANINGS: Determine intended or precise meanings of words, including domain-specific (tier 3) words and words with multiple meanings (academic/tier 2 words), based on context, word relationships, word structure (e.g., common Greek or Latin roots, affixes), or use of resources (e.g., dictionary, glossary)'),
  ((select id from claim where subject_id = 2 and code = '1-IT'), '10-9', 'WORD MEANINGS: Determine intended or precise meanings of words, including domain-specific/technical (tier 3) terms, distinguishing connotation-denotation, and words with multiple meanings (academic/tier 2 words), based on context, word patterns, relationships, etymology, or use of specialized resources (e.g., dictionary, glossary, digital tools)'),
  ((select id from claim where subject_id = 2 and code = '1-IT'), '10-KG', 'WORD MEANINGS: Determine intended meanings of words, including domain-specific (tier 3) words and academic (tier 2) words with multiple meanings, based on context, word relationships, word structure (e.g., common roots, affixes), or use of resources (e.g., beginning dictionary, glossary)'),
  ((select id from claim where subject_id = 2 and code = '1-IT'), '11-1', 'REASONING & EVIDENCE: Use supporting evidence to interpret and explain how information is presented or connected within or across texts (author’’s point of view, ideas and supporting details, relationships)'),
  ((select id from claim where subject_id = 2 and code = '1-IT'), '11-10', 'REASONING & EVALUATION: Apply reasoning and a range of textual evidence to or justify analyses of author’’s presentation of information (author’’s line of reasoning, point of view/purpose; relevance of evidence or elaboration to support claims; development or connections among complex concepts ideas)'),
  ((select id from claim where subject_id = 2 and code = '1-IT'), '11-11', 'REASONING & EVALUATION: Apply reasoning and a range of textual evidence to or justify analyses of author’’s presentation of information (author’’s line of reasoning, point of view/purpose; relevance of evidence or elaboration to support claims; development or connections among complex concepts ideas)'),
  ((select id from claim where subject_id = 2 and code = '1-IT'), '11-12', 'REASONING & EVALUATION: Apply reasoning and a range of textual evidence to or justify analyses of author’’s presentation of information (author’’s line of reasoning, point of view/purpose; relevance of evidence or elaboration to support claims; development or connections among complex concepts ideas)'),
  ((select id from claim where subject_id = 2 and code = '1-IT'), '11-2', 'REASONING & EVIDENCE: Use supporting evidence to interpret and explain how information is presented or connected within or across texts (author’’s point of view, ideas and supporting details, relationships)'),
  ((select id from claim where subject_id = 2 and code = '1-IT'), '11-3', 'REASONING & EVIDENCE: Use supporting evidence to interpret and explain how information is presented or connected within or across texts (author’’s point of view, ideas and supporting details, relationships)'),
  ((select id from claim where subject_id = 2 and code = '1-IT'), '11-4', 'REASONING & EVALUATION: Use supporting evidence to justify or interpret how information is presented or integrated (author’’s reasoning, type of account, visual/graphic information, concepts, ideas)'),
  ((select id from claim where subject_id = 2 and code = '1-IT'), '11-5', 'REASONING & EVIDENCE: Use supporting evidence to justify interpretations of information presented or how it is integrated (author’’s reasoning; interactions between events, concepts, or ideas)'),
  ((select id from claim where subject_id = 2 and code = '1-IT'), '11-6', 'REASONING & EVIDENCE: Use supporting evidence to justify interpretations or analyses of information presented or how information is integrated within a text (point of view; interactions among events, concepts, people, or ideas; author’’s reasoning and evidence)'),
  ((select id from claim where subject_id = 2 and code = '1-IT'), '11-7', 'REASONING & EVIDENCE: Use supporting evidence to justify interpretations of information presented or how it is integrated (author’’s reasoning; interactions among events, concepts, people, or development of ideas)'),
  ((select id from claim where subject_id = 2 and code = '1-IT'), '11-8', 'REASONING & EVALUATION: Apply reasoning and a range of textual evidence to justify inferences or interpret author’’s presentation of information (author’’s line of reasoning, point of view/purpose support claims, concepts, ideas; relevance of evidence or elaboration to support claims)'),
  ((select id from claim where subject_id = 2 and code = '1-IT'), '11-9', 'REASONING & EVALUATION: Apply reasoning and a range of textual evidence to or justify analyses of author’’s presentation of information (author’’s line of reasoning, point of view/purpose; relevance of evidence or elaboration to support claims; development or connections among complex concepts ideas)'),
  ((select id from claim where subject_id = 2 and code = '1-IT'), '11-KG', 'REASONING & EVIDENCE: Use supporting evidence to interpret and explain how information is presented or connected within or across texts (author’’s point of view, ideas and supporting details, relationships)'),
  ((select id from claim where subject_id = 2 and code = '1-IT'), '12-1', 'ANALYSIS WITHIN OR ACROSS TEXTS: Specify, integrate, or compare information within or across texts (e.g., cause effect, integrate information)'),
  ((select id from claim where subject_id = 2 and code = '1-IT'), '12-10', 'ANALYSIS WITHIN OR ACROSS TEXTS: Analyze texts to determine how connections are made in development of complex ideas or events; or in development of topics, themes, rhetorical features'),
  ((select id from claim where subject_id = 2 and code = '1-IT'), '12-11', 'ANALYSIS WITHIN OR ACROSS TEXTS: Analyze texts to determine how connections are made in development of complex ideas or events; or in development of topics, themes, rhetorical features'),
  ((select id from claim where subject_id = 2 and code = '1-IT'), '12-12', 'ANALYSIS WITHIN OR ACROSS TEXTS: Analyze texts to determine how connections are made in development of complex ideas or events; or in development of topics, themes, rhetorical features'),
  ((select id from claim where subject_id = 2 and code = '1-IT'), '12-2', 'ANALYSIS WITHIN OR ACROSS TEXTS: Specify, integrate, or compare information within or across texts (e.g., cause effect, integrate information)'),
  ((select id from claim where subject_id = 2 and code = '1-IT'), '12-3', 'ANALYSIS WITHIN OR ACROSS TEXTS: Specify, integrate, or compare information within or across texts (e.g., cause effect, integrate information)'),
  ((select id from claim where subject_id = 2 and code = '1-IT'), '12-4', 'ANALYSIS WITHIN OR ACROSS TEXTS: Interpret, explain, or connect information presented within or across texts (e.g., compare-contrast, show cause-effect, integrate information)'),
  ((select id from claim where subject_id = 2 and code = '1-IT'), '12-5', 'ANALYSIS WITHIN OR ACROSS TEXTS: Analyze or compare how information is presented within or across texts showing relationships among targeted aspects (point of view, genre features, topic)'),
  ((select id from claim where subject_id = 2 and code = '1-IT'), '12-6', 'ANALYSIS WITHIN OR ACROSS TEXTS: Analyze or compare how information is presented in one or more texts (events, people, ideas, topics); or how conflicting information across texts reveals author interpretation of the topic or potential bias'),
  ((select id from claim where subject_id = 2 and code = '1-IT'), '12-7', 'ANALYSIS WITHIN OR ACROSS TEXTS: Analyze and compare relationships within or across texts (point of view, genre features, topic)'),
  ((select id from claim where subject_id = 2 and code = '1-IT'), '12-8', 'ANALYSIS WITHIN OR ACROSS TEXTS: Analyze one or more texts to determine how connections are made among topics/ information presented; or how conflicting information or presentation format reveals author interpretation of the topic'),
  ((select id from claim where subject_id = 2 and code = '1-IT'), '12-9', 'ANALYSIS WITHIN OR ACROSS TEXTS: Analyze texts to determine how connections are made in development of complex ideas or events; or in development of topics, themes, rhetorical features'),
  ((select id from claim where subject_id = 2 and code = '1-IT'), '12-KG', 'ANALYSIS WITHIN OR ACROSS TEXTS: Specify, integrate, or compare information within or across texts (e.g., cause effect, integrate information)'),
  ((select id from claim where subject_id = 2 and code = '1-IT'), '13-1', 'TEXT STRUCTURES/ FEATURES: Relate knowledge of text structures or text features (e.g., graphics, bold text, headings) to obtain, interpret, or explain information'),
  ((select id from claim where subject_id = 2 and code = '1-IT'), '13-10', 'TEXT STRUCTURES/ FEATURES: Relate knowledge of text structures or formats, or genre features (e.g., graphic/visual information) to integrate information or analyze the impact on meaning or presentation'),
  ((select id from claim where subject_id = 2 and code = '1-IT'), '13-11', 'TEXT STRUCTURES/ FEATURES: Relate knowledge of text structures or formats, or genre features (e.g., graphic/visual information) to integrate information or analyze the impact on meaning or presentation'),
  ((select id from claim where subject_id = 2 and code = '1-IT'), '13-12', 'TEXT STRUCTURES/ FEATURES: Relate knowledge of text structures or formats, or genre features (e.g., graphic/visual information) to integrate information or analyze the impact on meaning or presentation'),
  ((select id from claim where subject_id = 2 and code = '1-IT'), '13-2', 'TEXT STRUCTURES/ FEATURES: Relate knowledge of text structures or text features (e.g., graphics, bold text, headings) to obtain, interpret, or explain information'),
  ((select id from claim where subject_id = 2 and code = '1-IT'), '13-3', 'TEXT STRUCTURES/ FEATURES: Relate knowledge of text structures or text features (e.g., graphics, bold text, headings) to obtain, interpret, or explain information'),
  ((select id from claim where subject_id = 2 and code = '1-IT'), '13-4', 'TEXT STRUCTURES/ FEATURES: Relate knowledge of text structures and text features (e.g., graphs, charts, timelines) to obtain, interpret, explain, or integrate information'),
  ((select id from claim where subject_id = 2 and code = '1-IT'), '13-5', 'TEXT STRUCTURES & FEATURES: Relate knowledge of text structures to compare or connect information across texts'),
  ((select id from claim where subject_id = 2 and code = '1-IT'), '13-6', 'TEXT STRUCTURES & FEATURES: Relate knowledge of text structures or genre-specific features to analyze or integrate information'),
  ((select id from claim where subject_id = 2 and code = '1-IT'), '13-7', 'TEXT STRUCTURES & FEATURES: Relate knowledge of text structures and genre-specific features to compare or analyze the impact of those choices on meaning or presentation'),
  ((select id from claim where subject_id = 2 and code = '1-IT'), '13-8', 'TEXT STRUCTURES/ FEATURES: Relate knowledge of text structures, formats, or genre-specific features (visual/graphic elements) to analyze the impact (advantagesdisadvantages) on meaning or presentation'),
  ((select id from claim where subject_id = 2 and code = '1-IT'), '13-9', 'TEXT STRUCTURES/ FEATURES: Relate knowledge of text structures or formats, or genre features (e.g., graphic/visual information) to integrate information or analyze the impact on meaning or presentation'),
  ((select id from claim where subject_id = 2 and code = '1-IT'), '13-KG', 'TEXT STRUCTURES/ FEATURES: Relate knowledge of text structures or text features (e.g., graphics, bold text, headings) to obtain, interpret, or explain information'),
  ((select id from claim where subject_id = 2 and code = '1-IT'), '14-1', 'LANGUAGE USE: Interpret use of language by distinguishing literal from nonliteral meanings of words and phrases used in context'),
  ((select id from claim where subject_id = 2 and code = '1-IT'), '14-10', 'LANGUAGE USE: Analyze the figurative (e.g., euphemism, oxymoron, hyperbole, paradox) or connotative meanings of words and phrases used in context and the impact of these word choices on meaning and tone'),
  ((select id from claim where subject_id = 2 and code = '1-IT'), '14-11', 'LANGUAGE USE: Analyze the figurative (e.g., euphemism, oxymoron, hyperbole, paradox) or connotative meanings of words and phrases used in context and the impact of these word choices on meaning and tone'),
  ((select id from claim where subject_id = 2 and code = '1-IT'), '14-12', 'LANGUAGE USE: Analyze the figurative (e.g., euphemism, oxymoron, hyperbole, paradox) or connotative meanings of words and phrases used in context and the impact of these word choices on meaning and tone'),
  ((select id from claim where subject_id = 2 and code = '1-IT'), '14-2', 'LANGUAGE USE: Interpret use of language by distinguishing literal from nonliteral meanings of words and phrases used in context'),
  ((select id from claim where subject_id = 2 and code = '1-IT'), '14-3', 'LANGUAGE USE: Interpret use of language by distinguishing literal from nonliteral meanings of words and phrases used in context'),
  ((select id from claim where subject_id = 2 and code = '1-IT'), '14-4', 'LANGUAGE USE: Determine or interpret figurative language/literary devices or connotative meanings of words and phrases used in context and the impact of those word choices on meaning and tone'),
  ((select id from claim where subject_id = 2 and code = '1-IT'), '14-5', 'LANGUAGE USE: Identify or interpret figurative language (e.g., metaphors, similes, idioms) use of literary devices or connotative meanings of words and phrases used in context'),
  ((select id from claim where subject_id = 2 and code = '1-IT'), '14-6', 'LANGUAGE USE: Interpret intent or impact of figurative language (e.g., hyperbole, personification, analogies), use of literary devices, or connotative meanings of words and phrases used in context'),
  ((select id from claim where subject_id = 2 and code = '1-IT'), '14-7', 'LANGUAGE USE: Interpret intent of figurative language (e.g., clichés, puns, hyperbole) use of literary devices, or connotative meanings of words and phrases used in context'),
  ((select id from claim where subject_id = 2 and code = '1-IT'), '14-8', 'LANGUAGE USE: Interpret impact or intent of figurative language/literary devices or connotative meanings of words and phrases used in context'),
  ((select id from claim where subject_id = 2 and code = '1-IT'), '14-9', 'LANGUAGE USE: Analyze the figurative (e.g., euphemism, oxymoron, hyperbole, paradox) or connotative meanings of words and phrases used in context and the impact of these word choices on meaning and tone'),
  ((select id from claim where subject_id = 2 and code = '1-IT'), '14-KG', 'LANGUAGE USE: Interpret use of language by distinguishing literal from nonliteral meanings of words and phrases used in context'),
  ((select id from claim where subject_id = 2 and code = '1-IT'), '8-1', 'KEY DETAILS: Use explicit details and implicit information from the text to support answers or inferences about information presented.'),
  ((select id from claim where subject_id = 2 and code = '1-IT'), '8-10', 'KEY DETAILS: Cite explicit text evidence to support inferences made or conclusions drawn about texts'),
  ((select id from claim where subject_id = 2 and code = '1-IT'), '8-11', 'KEY DETAILS: Cite explicit text evidence to support inferences made or conclusions drawn about texts'),
  ((select id from claim where subject_id = 2 and code = '1-IT'), '8-12', 'KEY DETAILS: Cite explicit text evidence to support inferences made or conclusions drawn about texts'),
  ((select id from claim where subject_id = 2 and code = '1-IT'), '8-2', 'KEY DETAILS: Use explicit details and implicit information from the text to support answers or inferences about information presented.'),
  ((select id from claim where subject_id = 2 and code = '1-IT'), '8-3', 'KEY DETAILS: Use explicit details and implicit information from the text to support answers or inferences about information presented.'),
  ((select id from claim where subject_id = 2 and code = '1-IT'), '8-4', 'KEY DETAILS: Use explicit details and implicit information from the text to support answers or basic inferences about information presented'),
  ((select id from claim where subject_id = 2 and code = '1-IT'), '8-5', 'KEY DETAILS: Use explicit details and implicit information from texts to support answers or inferences about information presented'),
  ((select id from claim where subject_id = 2 and code = '1-IT'), '8-6', 'KEY DETAILS: Use explicit details and implicit information from texts to support inferences or analyses of the information presented'),
  ((select id from claim where subject_id = 2 and code = '1-IT'), '8-7', 'KEY DETAILS: Use explicit details and implicit information from texts to support inferences or analyses of the information presented'),
  ((select id from claim where subject_id = 2 and code = '1-IT'), '8-8', 'KEY DETAILS: Identify explicit text evidence to support inferences made or conclusions drawn about texts'),
  ((select id from claim where subject_id = 2 and code = '1-IT'), '8-9', 'KEY DETAILS: Cite explicit text evidence to support inferences made or conclusions drawn about texts'),
  ((select id from claim where subject_id = 2 and code = '1-IT'), '8-KG', 'KEY DETAILS: Use explicit details and implicit information from the text to support answers or inferences about information presented.'),
  ((select id from claim where subject_id = 2 and code = '1-IT'), '9-1', 'CENTRAL IDEAS: Identify or summarize central ideas/ key events, or procedures and details that support them.'),
  ((select id from claim where subject_id = 2 and code = '1-IT'), '9-10', 'CENTRAL IDEAS: Summarize central ideas, topics/subtopics, key events, or procedures using supporting ideas and relevant details'),
  ((select id from claim where subject_id = 2 and code = '1-IT'), '9-11', 'CENTRAL IDEAS: Summarize central ideas, topics/subtopics, key events, or procedures using supporting ideas and relevant details'),
  ((select id from claim where subject_id = 2 and code = '1-IT'), '9-12', 'CENTRAL IDEAS: Summarize central ideas, topics/subtopics, key events, or procedures using supporting ideas and relevant details'),
  ((select id from claim where subject_id = 2 and code = '1-IT'), '9-2', 'CENTRAL IDEAS: Identify or summarize central ideas/ key events, or procedures and details that support them.'),
  ((select id from claim where subject_id = 2 and code = '1-IT'), '9-3', 'CENTRAL IDEAS: Identify or summarize central ideas/ key events, or procedures and details that support them.'),
  ((select id from claim where subject_id = 2 and code = '1-IT'), '9-4', 'CENTRAL IDEAS: Identify or summarize central ideas, key events, or procedures'),
  ((select id from claim where subject_id = 2 and code = '1-IT'), '9-5', 'CENTRAL IDEAS: Summarize central ideas, key events, procedures, or topics and subtopics'),
  ((select id from claim where subject_id = 2 and code = '1-IT'), '9-6', 'CENTRAL IDEAS: Summarize central ideas, key events, procedures, or topics and subtopics'),
  ((select id from claim where subject_id = 2 and code = '1-IT'), '9-7', 'CENTRAL IDEAS: Summarize central ideas, key events, procedures, or topics and subtopics'),
  ((select id from claim where subject_id = 2 and code = '1-IT'), '9-8', 'CENTRAL IDEAS: Summarize central ideas, topics/subtopics, key events, or procedures using supporting ideas and details'),
  ((select id from claim where subject_id = 2 and code = '1-IT'), '9-9', 'CENTRAL IDEAS: Summarize central ideas, topics/subtopics, key events, or procedures using supporting ideas and relevant details'),
  ((select id from claim where subject_id = 2 and code = '1-IT'), '9-KG', 'CENTRAL IDEAS: Identify or summarize central ideas/ key events, or procedures and details that support them.'),
  ((select id from claim where subject_id = 2 and code = '1-LT'), '1-1', 'KEY DETAILS: Use explicit details and information from the text to support answers or basic inferences'),
  ((select id from claim where subject_id = 2 and code = '1-LT'), '1-11', 'KEY DETAILS: Cite explicit textual evidence to support inferences made or conclusions drawn about texts'),
  ((select id from claim where subject_id = 2 and code = '1-LT'), '1-2', 'KEY DETAILS: Use explicit details and information from the text to support answers or basic inferences'),
  ((select id from claim where subject_id = 2 and code = '1-LT'), '1-3', 'KEY DETAILS: Use explicit details and information from the text to support answers or basic inferences'),
  ((select id from claim where subject_id = 2 and code = '1-LT'), '1-4', 'KEY DETAILS: Use explicit details and implicit information from the text to support answers or basic inferences'),
  ((select id from claim where subject_id = 2 and code = '1-LT'), '1-5', 'KEY DETAILS: Use explicit details and implicit information from the text to support answers or inferences about information'),
  ((select id from claim where subject_id = 2 and code = '1-LT'), '1-6', 'KEY DETAILS: Use explicit details and implicit information from the text to support inferences or analyses of the information presented'),
  ((select id from claim where subject_id = 2 and code = '1-LT'), '1-7', 'KEY DETAILS: Identify explicit textual evidence to support inferences made or conclusions drawn'),
  ((select id from claim where subject_id = 2 and code = '1-LT'), '1-8', 'KEY DETAILS: Identify explicit textual evidence to support inferences made or conclusions drawn'),
  ((select id from claim where subject_id = 2 and code = '1-LT'), '1-9', 'KEY DETAILS: Identify explicit textual evidence to support inferences made or conclusions drawn'),
  ((select id from claim where subject_id = 2 and code = '1-LT'), '1-KG', 'KEY DETAILS: Use explicit details and information from the text to support answers or basic inferences'),
  ((select id from claim where subject_id = 2 and code = '1-LT'), '2-1', 'CENTRAL IDEAS: Identify or summarize central ideas, key events, or the sequence of events presented in a text'),
  ((select id from claim where subject_id = 2 and code = '1-LT'), '2-11', 'CENTRAL IDEAS: Summarize central ideas/key events using key relevant details)'),
  ((select id from claim where subject_id = 2 and code = '1-LT'), '2-2', 'CENTRAL IDEAS: Identify or summarize central ideas, key events, or the sequence of events presented in a text'),
  ((select id from claim where subject_id = 2 and code = '1-LT'), '2-3', 'CENTRAL IDEAS: Identify or summarize central ideas, key events, or the sequence of events presented in a text'),
  ((select id from claim where subject_id = 2 and code = '1-LT'), '2-4', 'CENTRAL IDEAS: Identify or summarize central ideas/ key events'),
  ((select id from claim where subject_id = 2 and code = '1-LT'), '2-5', 'CENTRAL IDEAS: Identify or summarize central ideas/ key events'),
  ((select id from claim where subject_id = 2 and code = '1-LT'), '2-6', 'CENTRAL IDEAS: Summarize central ideas/ key events'),
  ((select id from claim where subject_id = 2 and code = '1-LT'), '2-7', 'CENTRAL IDEAS: Summarize central ideas/key events using key details from the text'),
  ((select id from claim where subject_id = 2 and code = '1-LT'), '2-8', 'CENTRAL IDEAS: Summarize central ideas/key events using key details from the text'),
  ((select id from claim where subject_id = 2 and code = '1-LT'), '2-9', 'CENTRAL IDEAS: Summarize central ideas/key events using key details from the text'),
  ((select id from claim where subject_id = 2 and code = '1-LT'), '2-KG', 'CENTRAL IDEAS: Identify or summarize central ideas, key events, or the sequence of events presented in a text'),
  ((select id from claim where subject_id = 2 and code = '1-LT'), '3-1', 'WORD MEANINGS: Determine intended meanings of words, including words with multiple meanings (academic/tier 2 words), based on context, word relationships, word structure (e.g., common roots, affixes), or use of resources (e.g., beginning dictionary)'),
  ((select id from claim where subject_id = 2 and code = '1-LT'), '3-11', 'WORD MEANINGS: Determine intended, precise, or nuanced meanings of words, including distinguishing connotation-denotation and words with multiple meanings (academic/tier 2 words), based on context, word patterns, word relationships, etymology, or use of specialized resources (e.g., dictionary, thesaurus, digital tools'),
  ((select id from claim where subject_id = 2 and code = '1-LT'), '3-2', 'WORD MEANINGS: Determine intended meanings of words, including words with multiple meanings (academic/tier 2 words), based on context, word relationships, word structure (e.g., common roots, affixes), or use of resources (e.g., beginning dictionary)'),
  ((select id from claim where subject_id = 2 and code = '1-LT'), '3-3', 'WORD MEANINGS: Determine intended meanings of words, including words with multiple meanings (academic/tier 2 words), based on context, word relationships, word structure (e.g., common roots, affixes), or use of resources (e.g., beginning dictionary)'),
  ((select id from claim where subject_id = 2 and code = '1-LT'), '3-4', 'WORD MEANINGS: Determine intended meanings of words, including words with multiple meanings (academic/tier 2 words), based on context, word relationships (e.g., synonyms), word structure (e.g., common Greek or Latin roots, affixes), or use of resources (e.g., dictionary, thesaurus)'),
  ((select id from claim where subject_id = 2 and code = '1-LT'), '3-5', 'WORD MEANINGS: Determine intended or precise meanings of words, including words with multiple meanings (academic/tier 2 words), based on context, word relationships (e.g., antonyms, homographs), word structure (e.g., common Greek or Latin roots, affixes), or use of resources (e.g., dictionary, thesaurus)'),
  ((select id from claim where subject_id = 2 and code = '1-LT'), '3-6', 'WORD MEANINGS: Determine intended, precise, or nuanced meanings of words, including words with multiple meanings (academic/tier 2 words), based on context, word patterns, parts of speech, or use of resources (e.g., dictionary, thesaurus, digital tools)'),
  ((select id from claim where subject_id = 2 and code = '1-LT'), '3-7', 'WORD MEANINGS: Determine intended, precise, or nuanced meanings of words, including words with multiple meanings (academic/tier 2 words), based on context, word relationships, word structure (e.g., common Greek or Latin roots, affixes), or use of resources (e.g., dictionary, thesaurus, digital tools)'),
  ((select id from claim where subject_id = 2 and code = '1-LT'), '3-8', 'WORD MEANINGS: Determine intended, precise, or nuanced meanings of words, including words with multiple meanings (academic/tier 2 words), based on context, word patterns, word relationships, word structure (e.g., common Greek or Latin roots, affixes), or use of resources (e.g., dictionary, thesaurus, digital tools)'),
  ((select id from claim where subject_id = 2 and code = '1-LT'), '3-9', 'WORD MEANINGS: Determine intended, precise, or nuanced meanings of words, including words with multiple meanings (academic/tier 2 words), based on context, word patterns, word relationships, word structure (e.g., common Greek or Latin roots, affixes), or use of resources (e.g., dictionary, thesaurus, digital tools)'),
  ((select id from claim where subject_id = 2 and code = '1-LT'), '3-KG', 'WORD MEANINGS: Determine intended meanings of words, including words with multiple meanings (academic/tier 2 words), based on context, word relationships, word structure (e.g., common roots, affixes), or use of resources (e.g., beginning dictionary)'),
  ((select id from claim where subject_id = 2 and code = '1-LT'), '4-1', 'REASONING & EVIDENCE: Use supporting evidence to interpret and explain inferences about character traits, motivations, feelings; point of view, author’’s lesson or message'),
  ((select id from claim where subject_id = 2 and code = '1-LT'), '4-11', 'REASONING & EVALUATION: Apply reasoning and a range of textual evidence to justify inferences or judgments made (development of universal themes, characters; impact of point of view or discourse style (e.g., dramatic irony, humor, satire, understatement) on plot/subplot development'),
  ((select id from claim where subject_id = 2 and code = '1-LT'), '4-2', 'REASONING & EVIDENCE: Use supporting evidence to interpret and explain inferences about character traits, motivations, feelings; point of view, author’’s lesson or message'),
  ((select id from claim where subject_id = 2 and code = '1-LT'), '4-3', 'REASONING & EVIDENCE: Use supporting evidence to interpret and explain inferences about character traits, motivations, feelings; point of view, author’’s lesson or message'),
  ((select id from claim where subject_id = 2 and code = '1-LT'), '4-4', 'REASONING & EVALUATION: Use supporting evidence to justify/ explain inferences (character development/actions/traits; first or third person point of view; theme; author’’s message)'),
  ((select id from claim where subject_id = 2 and code = '1-LT'), '4-5', 'REASONING & EVIDENCE: Use supporting evidence to justify interpretations (theme, events, conflicts/challenges, setting, character development/ interactions, point of view)'),
  ((select id from claim where subject_id = 2 and code = '1-LT'), '4-6', 'REASONING & EVIDENCE: Apply reasoning and a range of textual evidence (e.g., quotes, examples, details) to justify analyses or judgments made about intended effects (techniques used to advance action or create an effect; points of view; development of theme, characters, setting, plot)'),
  ((select id from claim where subject_id = 2 and code = '1-LT'), '4-7', 'REASONING & EVIDENCE: Apply reasoning and a range of textual evidence (e.g., quotes, examples, details) to justify analyses or judgments made'),
  ((select id from claim where subject_id = 2 and code = '1-LT'), '4-8', 'REASONING & EVALUATION: Apply reasoning and a range of textual evidence to justify inferences or judgments made (development of characters/setting/plot, point of view, theme, use of dialogue)'),
  ((select id from claim where subject_id = 2 and code = '1-LT'), '4-9', 'REASONING & EVALUATION: Apply reasoning and a range of textual evidence to justify inferences or judgments made (development of characters/setting/plot, point of view, theme, use of dialogue)'),
  ((select id from claim where subject_id = 2 and code = '1-LT'), '4-KG', 'REASONING & EVIDENCE: Use supporting evidence to interpret and explain inferences about character traits, motivations, feelings; point of view, author’’s lesson or message'),
  ((select id from claim where subject_id = 2 and code = '1-LT'), '5-1', 'ANALYSIS WITHIN OR ACROSS TEXTS: Specify or compare relationships across texts (e.g., literary elements, problem solution, theme)'),
  ((select id from claim where subject_id = 2 and code = '1-LT'), '5-11', 'ANALYSIS WITHIN OR ACROSS TEXTS: Analyze interrelationships among literary elements within a text, or how different texts address topics, themes, or use of source material'),
  ((select id from claim where subject_id = 2 and code = '1-LT'), '5-2', 'ANALYSIS WITHIN OR ACROSS TEXTS: Specify or compare relationships across texts (e.g., literary elements, problem solution, theme)'),
  ((select id from claim where subject_id = 2 and code = '1-LT'), '5-3', 'ANALYSIS WITHIN OR ACROSS TEXTS: Specify or compare relationships across texts (e.g., literary elements, problem solution, theme)'),
  ((select id from claim where subject_id = 2 and code = '1-LT'), '5-4', 'ANALYSIS WITHIN OR ACROSS TEXTS: Interpret, specify, or compare how information is presented across texts (first-third person point of view, visual/oral formats, topics, themes, patterns of events)'),
  ((select id from claim where subject_id = 2 and code = '1-LT'), '5-5', 'ANALYSIS WITHIN OR ACROSS TEXTS: Analyze or compare how information is presented within or across texts showing relationships among the targeted aspects (the influence of point of view, genre-specific features, theme, topic, plot/events)'),
  ((select id from claim where subject_id = 2 and code = '1-LT'), '5-6', 'ANALYSIS WITHIN OR ACROSS TEXTS: Analyze how information is presented within or across texts showing relationships among the targeted aspects (the influence of differing points of view, various formats/media, use of source material)'),
  ((select id from claim where subject_id = 2 and code = '1-LT'), '5-7', 'ANALYSIS WITHIN OR ACROSS TEXTS: Analyze how information is presented showing relationships among literary elements within or across texts (dialogue, advancing action, character actions/interactions) or use of source material to develop literary elements'),
  ((select id from claim where subject_id = 2 and code = '1-LT'), '5-8', 'ANALYSIS WITHIN OR ACROSS TEXTS: Analyze relationships among literary elements within or across texts (dialogue, advancing action, character actions/interactions) or use of source material to develop literary elements'),
  ((select id from claim where subject_id = 2 and code = '1-LT'), '5-9', 'ANALYSIS WITHIN OR ACROSS TEXTS: Analyze relationships among literary elements within or across texts (dialogue, advancing action, character actions/interactions) or use of source material to develop literary elements'),
  ((select id from claim where subject_id = 2 and code = '1-LT'), '5-KG', 'ANALYSIS WITHIN OR ACROSS TEXTS: Specify or compare relationships across texts (e.g., literary elements, problem solution, theme)'),
  ((select id from claim where subject_id = 2 and code = '1-LT'), '6-1', 'TEXT STRUCTURES & FEATURES: Relate knowledge of text structures or text features (e.g., illustrations) to gain, interpret, explain, or connect information'),
  ((select id from claim where subject_id = 2 and code = '1-LT'), '6-11', 'TEXT STRUCTURES/FEATURES: Analyze text structures, genre-specific features, or formats (visual/graphic/auditory effects) of texts and the impact of those choices on meaning or presentation)'),
  ((select id from claim where subject_id = 2 and code = '1-LT'), '6-2', 'TEXT STRUCTURES & FEATURES: Relate knowledge of text structures or text features (e.g., illustrations) to gain, interpret, explain, or connect information'),
  ((select id from claim where subject_id = 2 and code = '1-LT'), '6-3', 'TEXT STRUCTURES & FEATURES: Relate knowledge of text structures or text features (e.g., illustrations) to gain, interpret, explain, or connect information'),
  ((select id from claim where subject_id = 2 and code = '1-LT'), '6-4', 'TEXT STRUCTURES & FEATURES: Relate knowledge of structural elements of texts or text features to obtain, interpret, explain, or connect information within texts'),
  ((select id from claim where subject_id = 2 and code = '1-LT'), '6-5', 'TEXT STRUCTURES & FEATURES: Relate knowledge of text structures or text features (e.g., visual or graphic elements) to analyze interpret, or connect information within a text'),
  ((select id from claim where subject_id = 2 and code = '1-LT'), '6-6', 'TEXT STRUCTURES & FEATURES: Relate knowledge of text structures or text features (e.g., layout; visual or auditory elements – lighting, camera effects, music; symbolic or graphic representations) to analyze impact on meaning, style, or presentation'),
  ((select id from claim where subject_id = 2 and code = '1-LT'), '6-7', 'TEXT STRUCTURES & FEATURES: Relate knowledge of text structures or genrespecific features (visual/graphic/auditory effects) to analyze the impact of those choices on meaning or presentation (e.g., layout; visual or auditory elements – lighting, camera effects, music; symbolic or graphic representations)'),
  ((select id from claim where subject_id = 2 and code = '1-LT'), '6-8', 'TEXT STRUCTURES/FEATURES: Relate knowledge of text structures or genre features (visual/graphic/auditory effects) to analyze the impact of those choices on meaning or presentation'),
  ((select id from claim where subject_id = 2 and code = '1-LT'), '6-9', 'TEXT STRUCTURES/FEATURES: Relate knowledge of text structures or genre features (visual/graphic/auditory effects) to analyze the impact of those choices on meaning or presentation'),
  ((select id from claim where subject_id = 2 and code = '1-LT'), '6-KG', 'TEXT STRUCTURES & FEATURES: Relate knowledge of text structures or text features (e.g., illustrations) to gain, interpret, explain, or connect information'),
  ((select id from claim where subject_id = 2 and code = '1-LT'), '7-1', 'LANGUAGE USE: Interpret use of language by distinguishing literal from non-literal meanings of words and phrases used in context'),
  ((select id from claim where subject_id = 2 and code = '1-LT'), '7-11', 'LANGUAGE USE: Determine or analyze the figurative (e.g., euphemism, oxymoron, hyperbole, paradox), or connotative meanings of words and phrases used in context and the impact of those word choices on meaning and tone'),
  ((select id from claim where subject_id = 2 and code = '1-LT'), '7-2', 'LANGUAGE USE: Interpret use of language by distinguishing literal from non-literal meanings of words and phrases used in context'),
  ((select id from claim where subject_id = 2 and code = '1-LT'), '7-3', 'LANGUAGE USE: Interpret use of language by distinguishing literal from non-literal meanings of words and phrases used in context'),
  ((select id from claim where subject_id = 2 and code = '1-LT'), '7-4', 'LANGUAGE USE: Determine or interpret figurative language, literary devices, or connotative meanings of words and phrases used in context and the impact of those word choices on meaning and tone'),
  ((select id from claim where subject_id = 2 and code = '1-LT'), '7-5', 'LANGUAGE USE: Identify or interpret figurative language (e.g., metaphors, similes, idioms), literary devices, or connotative meanings of words and phrases used in context'),
  ((select id from claim where subject_id = 2 and code = '1-LT'), '7-6', 'LANGUAGE USE: Interpret figurative language use (e.g., personification, metaphor), literary devices, or connotative meanings of words and phrases used in context and their impact on reader interpretation'),
  ((select id from claim where subject_id = 2 and code = '1-LT'), '7-7', 'LANGUAGE USE: Interpret impact or intent of figurative language use (e.g., alliteration, onomatopoeia, imagery), literary devices (e.g., flashback, forshadowing), or connotative meanings of words and phrases used in context and their impact on reader interpretation'),
  ((select id from claim where subject_id = 2 and code = '1-LT'), '7-8', 'LANGUAGE USE: Determine or interpret impact or intent of figurative language/literary devices or connotative meanings of words and phrases used in context and the impact of those word choices on meaning and tone'),
  ((select id from claim where subject_id = 2 and code = '1-LT'), '7-9', 'LANGUAGE USE: Determine or interpret impact or intent of figurative language/literary devices or connotative meanings of words and phrases used in context and the impact of those word choices on meaning and tone'),
  ((select id from claim where subject_id = 2 and code = '1-LT'), '7-KG', 'LANGUAGE USE: Interpret use of language by distinguishing literal from non-literal meanings of words and phrases used in context'),
  ((select id from claim where subject_id = 2 and code = '2-W'), '1-1', 'WRITE/REVISE BRIEF TEXTS: Write or revise one or more paragraphs demonstrating specific narrative strategies (use of dialogue, sensory or concrete details, description), chronology, or authors’ craft appropriate to purpose (detailing characters, plot, setting, or an event)'),
  ((select id from claim where subject_id = 2 and code = '2-W'), '1-10', 'WRITE/REVISE BRIEF TEXTS: Apply narrative strategies (e.g., dialogue, description) and appropriate text structures and transitions when writing or revising one or more paragraphs of narrative text (e.g., introduce narrator point of view, use dialogue to advance the action)'),
  ((select id from claim where subject_id = 2 and code = '2-W'), '1-11', 'WRITE/REVISE BRIEF TEXTS: Apply narrative strategies (e.g., dialogue, description) and appropriate text structures and transitions when writing or revising one or more paragraphs of narrative text (e.g., introduce narrator point of view, use dialogue to advance the action)'),
  ((select id from claim where subject_id = 2 and code = '2-W'), '1-12', 'WRITE/REVISE BRIEF TEXTS: Apply narrative strategies (e.g., dialogue, description) and appropriate text structures and transitions when writing or revising one or more paragraphs of narrative text (e.g., introduce narrator point of view, use dialogue to advance the action)'),
  ((select id from claim where subject_id = 2 and code = '2-W'), '1-2', 'WRITE/REVISE BRIEF TEXTS: Write or revise one or more paragraphs demonstrating specific narrative strategies (use of dialogue, sensory or concrete details, description), chronology, or authors’ craft appropriate to purpose (detailing characters, plot, setting, or an event)'),
  ((select id from claim where subject_id = 2 and code = '2-W'), '1-3', 'WRITE/REVISE BRIEF TEXTS: Write or revise one or more paragraphs demonstrating specific narrative strategies (use of dialogue, sensory or concrete details, description), chronology, or authors’ craft appropriate to purpose (detailing characters, plot, setting, or an event)'),
  ((select id from claim where subject_id = 2 and code = '2-W'), '1-4', 'WRITE/REVISE BRIEF TEXTS: Write or revise one or more paragraphs demonstrating specific narrative strategies (use of dialogue, sensory or concrete details, description), chronology, or authors’ craft appropriate to purpose (detailing characters, plot, setting, or an event)'),
  ((select id from claim where subject_id = 2 and code = '2-W'), '1-5', 'WRITE/REVISE BRIEF TEXTS: Write or revise one or more paragraphs demonstrating specific narrative strategies (use of dialogue, sensory or concrete details, description), chronology, or authors’ craft appropriate to purpose (detailing characters, plot, setting, or an event)'),
  ((select id from claim where subject_id = 2 and code = '2-W'), '1-6', 'WRITE/REVISE BRIEF TEXTS: Apply narrative strategies (e.g., dialogue, description) and appropriate text structures and transitions when writing or revising one or more paragraphs of narrative text (e.g., introduce narrator or use dialogue when describing an event)'),
  ((select id from claim where subject_id = 2 and code = '2-W'), '1-7', 'WRITE/REVISE BRIEF TEXTS: Apply narrative strategies (e.g., dialogue, description) and appropriate text structures and transitions when writing or revising one or more paragraphs of narrative text (e.g., introduce narrator or use dialogue when describing an event)'),
  ((select id from claim where subject_id = 2 and code = '2-W'), '1-8', 'WRITE/REVISE BRIEF TEXTS: Apply narrative strategies (e.g., dialogue, description) and appropriate text structures and transitions when writing or revising one or more paragraphs of narrative text (e.g., introduce narrator or use dialogue when describing an event)'),
  ((select id from claim where subject_id = 2 and code = '2-W'), '1-9', 'WRITE/REVISE BRIEF TEXTS: Apply narrative strategies (e.g., dialogue, description) and appropriate text structures and transitions when writing or revising one or more paragraphs of narrative text (e.g., introduce narrator point of view, use dialogue to advance the action)'),
  ((select id from claim where subject_id = 2 and code = '2-W'), '1-KG', 'WRITE/REVISE BRIEF TEXTS: Write or revise one or more paragraphs demonstrating specific narrative strategies (use of dialogue, sensory or concrete details, description), chronology, or authors’ craft appropriate to purpose (detailing characters, plot, setting, or an event)'),
  ((select id from claim where subject_id = 2 and code = '2-W'), '10-1', 'TECHNOLOGY: Use tools of technology to gather information, make revisions, or to produce texts'),
  ((select id from claim where subject_id = 2 and code = '2-W'), '10-10', 'TECHNOLOGY: Use tools of technology to gather information, make revisions, or to produce texts'),
  ((select id from claim where subject_id = 2 and code = '2-W'), '10-11', 'TECHNOLOGY: Use tools of technology to gather information, make revisions, or to produce texts'),
  ((select id from claim where subject_id = 2 and code = '2-W'), '10-12', 'TECHNOLOGY: Use tools of technology to gather information, make revisions, or to produce texts'),
  ((select id from claim where subject_id = 2 and code = '2-W'), '10-2', 'TECHNOLOGY: Use tools of technology to gather information, make revisions, or to produce texts'),
  ((select id from claim where subject_id = 2 and code = '2-W'), '10-3', 'TECHNOLOGY: Use tools of technology to gather information, make revisions, or to produce texts'),
  ((select id from claim where subject_id = 2 and code = '2-W'), '10-4', 'TECHNOLOGY: Use tools of technology to gather information, make revisions, or to produce texts'),
  ((select id from claim where subject_id = 2 and code = '2-W'), '10-5', 'TECHNOLOGY: Use tools of technology to gather information, make revisions, or to produce texts'),
  ((select id from claim where subject_id = 2 and code = '2-W'), '10-6', 'TECHNOLOGY: Use tools of technology to gather information, make revisions, or to produce texts'),
  ((select id from claim where subject_id = 2 and code = '2-W'), '10-7', 'TECHNOLOGY: Use tools of technology to gather information, make revisions, or to produce texts'),
  ((select id from claim where subject_id = 2 and code = '2-W'), '10-8', 'TECHNOLOGY: Use tools of technology to gather information, make revisions, or to produce texts'),
  ((select id from claim where subject_id = 2 and code = '2-W'), '10-9', 'TECHNOLOGY: Use tools of technology to gather information, make revisions, or to produce texts'),
  ((select id from claim where subject_id = 2 and code = '2-W'), '10-KG', 'TECHNOLOGY: Use tools of technology to gather information, make revisions, or to produce texts'),
  ((select id from claim where subject_id = 2 and code = '2-W'), '2-1', 'COMPOSE FULL TEXTS: Write full compositions demonstrating narrative strategies (dialogue, sensory or concrete details, description), structures, and authors’ craft appropriate to purpose (detailing characters, plot, and setting)'),
  ((select id from claim where subject_id = 2 and code = '2-W'), '2-10', 'COMPOSE FULL TEXTS: The CC places low instructional emphasis (20%) on narrative writing at high school. Developing full narrative compositions will not be required in the SBAC summative assessment; however the use of narrative strategies may be included as a scoring criterion when evaluating writing for other purposes in high school.'),
  ((select id from claim where subject_id = 2 and code = '2-W'), '2-11', 'COMPOSE FULL TEXTS: The CC places low instructional emphasis (20%) on narrative writing at high school. Developing full narrative compositions will not be required in the SBAC summative assessment; however the use of narrative strategies may be included as a scoring criterion when evaluating writing for other purposes in high school.'),
  ((select id from claim where subject_id = 2 and code = '2-W'), '2-12', 'COMPOSE FULL TEXTS: The CC places low instructional emphasis (20%) on narrative writing at high school. Developing full narrative compositions will not be required in the SBAC summative assessment; however the use of narrative strategies may be included as a scoring criterion when evaluating writing for other purposes in high school.'),
  ((select id from claim where subject_id = 2 and code = '2-W'), '2-2', 'COMPOSE FULL TEXTS: Write full compositions demonstrating narrative strategies (dialogue, sensory or concrete details, description), structures, and authors’ craft appropriate to purpose (detailing characters, plot, and setting)'),
  ((select id from claim where subject_id = 2 and code = '2-W'), '2-3', 'COMPOSE FULL TEXTS: Write full compositions demonstrating narrative strategies (dialogue, sensory or concrete details, description), structures, and authors’ craft appropriate to purpose (detailing characters, plot, and setting)'),
  ((select id from claim where subject_id = 2 and code = '2-W'), '2-4', 'COMPOSE FULL TEXTS: Write full compositions demonstrating narrative strategies (dialogue, sensory or concrete details, description), structures, and authors’ craft appropriate to purpose (detailing characters, plot, and setting)'),
  ((select id from claim where subject_id = 2 and code = '2-W'), '2-5', 'COMPOSE FULL TEXTS: Write full compositions demonstrating narrative strategies (dialogue, sensory or concrete details, description), structures, and authors’ craft appropriate to purpose (detailing characters, plot, and setting)'),
  ((select id from claim where subject_id = 2 and code = '2-W'), '2-6', 'COMPOSE FULL TEXTS: Write longer narrative texts demonstrating narrative strategies, structures, transitions, and authors’ craft appropriate to purpose (writing a speech, developing point of view, style in short story)'),
  ((select id from claim where subject_id = 2 and code = '2-W'), '2-7', 'COMPOSE FULL TEXTS: Write longer narrative texts demonstrating narrative strategies, structures, transitions, and authors’ craft appropriate to purpose (writing a speech, developing point of view, style in short story)'),
  ((select id from claim where subject_id = 2 and code = '2-W'), '2-8', 'COMPOSE FULL TEXTS: Write longer narrative texts demonstrating narrative strategies, structures, transitions, and authors’ craft appropriate to purpose (writing a speech, developing point of view, style in short story)'),
  ((select id from claim where subject_id = 2 and code = '2-W'), '2-9', 'COMPOSE FULL TEXTS: The CC places low instructional emphasis (20%) on narrative writing at high school. Developing full narrative compositions will not be required in the SBAC summative assessment; however the use of narrative strategies may be included as a scoring criterion when evaluating writing for other purposes in high school.'),
  ((select id from claim where subject_id = 2 and code = '2-W'), '2-KG', 'COMPOSE FULL TEXTS: Write full compositions demonstrating narrative strategies (dialogue, sensory or concrete details, description), structures, and authors’ craft appropriate to purpose (detailing characters, plot, and setting)'),
  ((select id from claim where subject_id = 2 and code = '2-W'), '3-1', 'WRITE/REVISE BRIEF TEXTS: Write or revise one or more paragraphs demonstrating ability to organize ideas by stating a focus, including supporting evidence and elaboration, or writing body paragraphs or a conclusion appropriate to purpose and audience'),
  ((select id from claim where subject_id = 2 and code = '2-W'), '3-10', 'WRITE/REVISE BRIEF TEXTS: Apply a variety of strategies when writing or revising one or more paragraphs of informational texts: organizing ideas by stating a thesis and maintaining a focus, developing a complex topic/subtopics, including relevant supporting evidence (from texts when appropriate) and elaboration, or providing a conclusion appropriate to purpose and audience'),
  ((select id from claim where subject_id = 2 and code = '2-W'), '3-11', 'WRITE/REVISE BRIEF TEXTS: Apply a variety of strategies when writing or revising one or more paragraphs of informational texts: organizing ideas by stating a thesis and maintaining a focus, developing a complex topic/subtopics, including relevant supporting evidence (from texts when appropriate) and elaboration, or providing a conclusion appropriate to purpose and audience'),
  ((select id from claim where subject_id = 2 and code = '2-W'), '3-12', 'WRITE/REVISE BRIEF TEXTS: Apply a variety of strategies when writing or revising one or more paragraphs of informational texts: organizing ideas by stating a thesis and maintaining a focus, developing a complex topic/subtopics, including relevant supporting evidence (from texts when appropriate) and elaboration, or providing a conclusion appropriate to purpose and audience'),
  ((select id from claim where subject_id = 2 and code = '2-W'), '3-2', 'WRITE/REVISE BRIEF TEXTS: Write or revise one or more paragraphs demonstrating ability to organize ideas by stating a focus, including supporting evidence and elaboration, or writing body paragraphs or a conclusion appropriate to purpose and audience'),
  ((select id from claim where subject_id = 2 and code = '2-W'), '3-3', 'WRITE/REVISE BRIEF TEXTS: Write or revise one or more paragraphs demonstrating ability to organize ideas by stating a focus, including supporting evidence and elaboration, or writing body paragraphs or a conclusion appropriate to purpose and audience'),
  ((select id from claim where subject_id = 2 and code = '2-W'), '3-4', 'WRITE/REVISE BRIEF TEXTS: Write or revise one or more paragraphs demonstrating ability to organize ideas by stating a focus, including supporting evidence and elaboration, or writing body paragraphs or a conclusion appropriate to purpose and audience'),
  ((select id from claim where subject_id = 2 and code = '2-W'), '3-5', 'WRITE/REVISE BRIEF TEXTS: Write or revise one or more paragraphs demonstrating ability to organize ideas by stating a focus, including supporting evidence and elaboration, or writing body paragraphs or a conclusion appropriate to purpose and audience'),
  ((select id from claim where subject_id = 2 and code = '2-W'), '3-6', 'WRITE/REVISE BRIEF TEXTS: Apply a variety of strategies when writing or revising one or more paragraphs of informational text: organizing ideas by stating and maintaining a focus/tone, developing a topic including relevant supporting evidence/ vocabulary and elaboration, or providing a conclusion appropriate to purpose and audience'),
  ((select id from claim where subject_id = 2 and code = '2-W'), '3-7', 'WRITE/REVISE BRIEF TEXTS: Apply a variety of strategies when writing or revising one or more paragraphs of informational text: organizing ideas by stating and maintaining a focus/tone, developing a topic including relevant supporting evidence/ vocabulary and elaboration, or providing a conclusion appropriate to purpose and audience'),
  ((select id from claim where subject_id = 2 and code = '2-W'), '3-8', 'WRITE/REVISE BRIEF TEXTS: Apply a variety of strategies when writing or revising one or more paragraphs of informational text: organizing ideas by stating and maintaining a focus/tone, developing a topic including relevant supporting evidence/ vocabulary and elaboration, or providing a conclusion appropriate to purpose and audience'),
  ((select id from claim where subject_id = 2 and code = '2-W'), '3-9', 'WRITE/REVISE BRIEF TEXTS: Apply a variety of strategies when writing or revising one or more paragraphs of informational texts: organizing ideas by stating a thesis and maintaining a focus, developing a complex topic/subtopics, including relevant supporting evidence (from texts when appropriate) and elaboration, or providing a conclusion appropriate to purpose and audience'),
  ((select id from claim where subject_id = 2 and code = '2-W'), '3-KG', 'WRITE/REVISE BRIEF TEXTS: Write or revise one or more paragraphs demonstrating ability to organize ideas by stating a focus, including supporting evidence and elaboration, or writing body paragraphs or a conclusion appropriate to purpose and audience'),
  ((select id from claim where subject_id = 2 and code = '2-W'), '4-1', 'COMPOSE FULL TEXTS: Write full informational/explanatory texts on a topic, attending to purpose and audience: organize ideas by stating a focus, include supporting evidence (from text when appropriate to prompt) and elaboration, and provide a conclusion'),
  ((select id from claim where subject_id = 2 and code = '2-W'), '4-10', 'COMPOSE FULL TEXTS: Write full informational/ explanatory texts, attending to purpose and audience: organizing ideas by stating a thesis and maintaining a focus, developing a complex topic/subtopics, including relevant supporting evidence (from texts when appropriate) and elaboration with appropriate transitions for coherence, and providing a conclusion appropriate to purpose and audience'),
  ((select id from claim where subject_id = 2 and code = '2-W'), '4-11', 'COMPOSE FULL TEXTS: Write full informational/ explanatory texts, attending to purpose and audience: organizing ideas by stating a thesis and maintaining a focus, developing a complex topic/subtopics, including relevant supporting evidence (from texts when appropriate) and elaboration with appropriate transitions for coherence, and providing a conclusion appropriate to purpose and audience'),
  ((select id from claim where subject_id = 2 and code = '2-W'), '4-12', 'COMPOSE FULL TEXTS: Write full informational/ explanatory texts, attending to purpose and audience: organizing ideas by stating a thesis and maintaining a focus, developing a complex topic/subtopics, including relevant supporting evidence (from texts when appropriate) and elaboration with appropriate transitions for coherence, and providing a conclusion appropriate to purpose and audience'),
  ((select id from claim where subject_id = 2 and code = '2-W'), '4-2', 'COMPOSE FULL TEXTS: Write full informational/explanatory texts on a topic, attending to purpose and audience: organize ideas by stating a focus, include supporting evidence (from text when appropriate to prompt) and elaboration, and provide a conclusion'),
  ((select id from claim where subject_id = 2 and code = '2-W'), '4-3', 'COMPOSE FULL TEXTS: Write full informational/explanatory texts on a topic, attending to purpose and audience: organize ideas by stating a focus, include supporting evidence (from text when appropriate to prompt) and elaboration, and provide a conclusion'),
  ((select id from claim where subject_id = 2 and code = '2-W'), '4-4', 'COMPOSE FULL TEXTS: Write full informational/explanatory texts on a topic, attending to purpose and audience: organize ideas by stating a focus, include supporting evidence (from text when appropriate to prompt) and elaboration, and provide a conclusion'),
  ((select id from claim where subject_id = 2 and code = '2-W'), '4-5', 'COMPOSE FULL TEXTS: Write full informational/explanatory texts on a topic, attending to purpose and audience: organize ideas by stating a focus, include supporting evidence (from text when appropriate to prompt) and elaboration, and provide a conclusion'),
  ((select id from claim where subject_id = 2 and code = '2-W'), '4-6', 'COMPOSE FULL TEXTS: Write full informational/ explanatory texts, attending to purpose and audience: organize ideas by stating and maintaining a focus, develop a topic including citing relevant supporting evidence (from text when appropriate) and elaboration, with appropriate transitions for coherence, and providing a conclusion'),
  ((select id from claim where subject_id = 2 and code = '2-W'), '4-7', 'COMPOSE FULL TEXTS: Write full informational/ explanatory texts, attending to purpose and audience: organize ideas by stating and maintaining a focus, develop a topic including citing relevant supporting evidence (from text when appropriate) and elaboration, with appropriate transitions for coherence, and providing a conclusion'),
  ((select id from claim where subject_id = 2 and code = '2-W'), '4-8', 'COMPOSE FULL TEXTS: Write full informational/ explanatory texts, attending to purpose and audience: organize ideas by stating and maintaining a focus, develop a topic including citing relevant supporting evidence (from text when appropriate) and elaboration, with appropriate transitions for coherence, and providing a conclusion'),
  ((select id from claim where subject_id = 2 and code = '2-W'), '4-9', 'COMPOSE FULL TEXTS: Write full informational/ explanatory texts, attending to purpose and audience: organizing ideas by stating a thesis and maintaining a focus, developing a complex topic/subtopics, including relevant supporting evidence (from texts when appropriate) and elaboration with appropriate transitions for coherence, and providing a conclusion appropriate to purpose and audience'),
  ((select id from claim where subject_id = 2 and code = '2-W'), '4-KG', 'COMPOSE FULL TEXTS: Write full informational/explanatory texts on a topic, attending to purpose and audience: organize ideas by stating a focus, include supporting evidence (from text when appropriate to prompt) and elaboration, and provide a conclusion'),
  ((select id from claim where subject_id = 2 and code = '2-W'), '5-1', 'USE TEXT FEATURES: Use text features (headings, bold text, captions, etc.) in informational texts to enhance meaning'),
  ((select id from claim where subject_id = 2 and code = '2-W'), '5-10', 'USE TEXT FEATURES: Employ text features and visual components appropriate to purpose and style'),
  ((select id from claim where subject_id = 2 and code = '2-W'), '5-11', 'USE TEXT FEATURES: Employ text features and visual components appropriate to purpose and style'),
  ((select id from claim where subject_id = 2 and code = '2-W'), '5-12', 'USE TEXT FEATURES: Employ text features and visual components appropriate to purpose and style'),
  ((select id from claim where subject_id = 2 and code = '2-W'), '5-2', 'USE TEXT FEATURES: Use text features (headings, bold text, captions, etc.) in informational texts to enhance meaning'),
  ((select id from claim where subject_id = 2 and code = '2-W'), '5-3', 'USE TEXT FEATURES: Use text features (headings, bold text, captions, etc.) in informational texts to enhance meaning'),
  ((select id from claim where subject_id = 2 and code = '2-W'), '5-4', 'USE TEXT FEATURES: Use text features (headings, bold text, captions, etc.) in informational texts to enhance meaning'),
  ((select id from claim where subject_id = 2 and code = '2-W'), '5-5', 'USE TEXT FEATURES: Use text features (headings, bold text, captions, etc.) in informational texts to enhance meaning'),
  ((select id from claim where subject_id = 2 and code = '2-W'), '5-6', 'USE TEXT FEATURES: Employ text features and visual components appropriate to purpose and style'),
  ((select id from claim where subject_id = 2 and code = '2-W'), '5-7', 'USE TEXT FEATURES: Employ text features and visual components appropriate to purpose and style'),
  ((select id from claim where subject_id = 2 and code = '2-W'), '5-8', 'USE TEXT FEATURES: Employ text features and visual components appropriate to purpose and style'),
  ((select id from claim where subject_id = 2 and code = '2-W'), '5-9', 'USE TEXT FEATURES: Employ text features and visual components appropriate to purpose and style'),
  ((select id from claim where subject_id = 2 and code = '2-W'), '5-KG', 'USE TEXT FEATURES: Use text features (headings, bold text, captions, etc.) in informational texts to enhance meaning'),
  ((select id from claim where subject_id = 2 and code = '2-W'), '6-1', 'WRITE/REVISE BRIEF TEXTS: Write or revise one or more paragraphs demonstrating ability to provide support for opinions about topics or texts: organize ideas by stating a context and focus, or develop supporting evidence /reasons and elaboration, or develop a conclusion appropriate to purpose and audience'),
  ((select id from claim where subject_id = 2 and code = '2-W'), '6-10', 'WRITE/REVISE BRIEF TEXTS: Apply a variety of strategies when writing or revising one or more paragraphs of text that express arguments about topics or texts: establishing a precise claim, organizing and citing supporting evidence (from texts when appropriate) and counter claims using credible sources, or providing a conclusion (e.g., articulating implications or stating significance of the problem) appropriate to purpose and audience'),
  ((select id from claim where subject_id = 2 and code = '2-W'), '6-11', 'WRITE/REVISE BRIEF TEXTS: Apply a variety of strategies when writing or revising one or more paragraphs of text that express arguments about topics or texts: establishing a precise claim, organizing and citing supporting evidence (from texts when appropriate) and counter claims using credible sources, or providing a conclusion (e.g., articulating implications or stating significance of the problem) appropriate to purpose and audience'),
  ((select id from claim where subject_id = 2 and code = '2-W'), '6-12', 'WRITE/REVISE BRIEF TEXTS: Apply a variety of strategies when writing or revising one or more paragraphs of text that express arguments about topics or texts: establishing a precise claim, organizing and citing supporting evidence (from texts when appropriate) and counter claims using credible sources, or providing a conclusion (e.g., articulating implications or stating significance of the problem) appropriate to purpose and audience'),
  ((select id from claim where subject_id = 2 and code = '2-W'), '6-2', 'WRITE/REVISE BRIEF TEXTS: Write or revise one or more paragraphs demonstrating ability to provide support for opinions about topics or texts: organize ideas by stating a context and focus, or develop supporting evidence /reasons and elaboration, or develop a conclusion appropriate to purpose and audience'),
  ((select id from claim where subject_id = 2 and code = '2-W'), '6-3', 'WRITE/REVISE BRIEF TEXTS: Write or revise one or more paragraphs demonstrating ability to provide support for opinions about topics or texts: organize ideas by stating a context and focus, or develop supporting evidence /reasons and elaboration, or develop a conclusion appropriate to purpose and audience'),
  ((select id from claim where subject_id = 2 and code = '2-W'), '6-4', 'WRITE/REVISE BRIEF TEXTS: Write or revise one or more paragraphs demonstrating ability to provide support for opinions about topics or texts: organize ideas by stating a context and focus, or develop supporting evidence /reasons and elaboration, or develop a conclusion appropriate to purpose and audience'),
  ((select id from claim where subject_id = 2 and code = '2-W'), '6-5', 'WRITE/REVISE BRIEF TEXTS: Write or revise one or more paragraphs demonstrating ability to provide support for opinions about topics or texts: organize ideas by stating a context and focus, or develop supporting evidence /reasons and elaboration, or develop a conclusion appropriate to purpose and audience'),
  ((select id from claim where subject_id = 2 and code = '2-W'), '6-6', 'WRITE/REVISE BRIEF TEXTS: Apply a variety of strategies when writing or revising one or more paragraphs of text that express arguments about topics or texts: establishing and supporting a claim, organizing and citing supporting evidence using credible sources, appropriate vocabulary, or providing a conclusion appropriate to purpose and audience'),
  ((select id from claim where subject_id = 2 and code = '2-W'), '6-7', 'WRITE/REVISE BRIEF TEXTS: Apply a variety of strategies when writing or revising one or more paragraphs of text that express arguments about topics or texts: establishing and supporting a claim, organizing and citing supporting evidence using credible sources, appropriate vocabulary, or providing a conclusion appropriate to purpose and audience'),
  ((select id from claim where subject_id = 2 and code = '2-W'), '6-8', 'WRITE/REVISE BRIEF TEXTS: Apply a variety of strategies when writing or revising one or more paragraphs of text that express arguments about topics or texts: establishing and supporting a claim, organizing and citing supporting evidence using credible sources, appropriate vocabulary, or providing a conclusion appropriate to purpose and audience'),
  ((select id from claim where subject_id = 2 and code = '2-W'), '6-9', 'WRITE/REVISE BRIEF TEXTS: Apply a variety of strategies when writing or revising one or more paragraphs of text that express arguments about topics or texts: establishing a precise claim, organizing and citing supporting evidence (from texts when appropriate) and counter claims using credible sources, or providing a conclusion (e.g., articulating implications or stating significance of the problem) appropriate to purpose and audience'),
  ((select id from claim where subject_id = 2 and code = '2-W'), '6-KG', 'WRITE/REVISE BRIEF TEXTS: Write or revise one or more paragraphs demonstrating ability to provide support for opinions about topics or texts: organize ideas by stating a context and focus, or develop supporting evidence /reasons and elaboration, or develop a conclusion appropriate to purpose and audience'),
  ((select id from claim where subject_id = 2 and code = '2-W'), '7-1', 'COMPOSE FULL TEXTS: Write full persuasive/opinion pieces about topics or texts, attending to purpose and audience: organize ideas by stating a context and focus, develop supporting evidence /reasons (from text when appropriate to prompt) and elaboration, and develop a conclusion'),
  ((select id from claim where subject_id = 2 and code = '2-W'), '7-10', 'COMPOSE FULL TEXTS: Write full persuasive pieces/arguments about topics or texts, attending to purpose and audience: establishing and supporting a claim, organizing and citing supporting evidence (from texts when appropriate) from credible sources, and providing a conclusion appropriate to purpose and audience'),
  ((select id from claim where subject_id = 2 and code = '2-W'), '7-11', 'COMPOSE FULL TEXTS: Write full persuasive pieces/arguments about topics or texts, attending to purpose and audience: establishing and supporting a claim, organizing and citing supporting evidence (from texts when appropriate) from credible sources, and providing a conclusion appropriate to purpose and audience'),
  ((select id from claim where subject_id = 2 and code = '2-W'), '7-12', 'COMPOSE FULL TEXTS: Write full persuasive pieces/arguments about topics or texts, attending to purpose and audience: establishing and supporting a claim, organizing and citing supporting evidence (from texts when appropriate) from credible sources, and providing a conclusion appropriate to purpose and audience'),
  ((select id from claim where subject_id = 2 and code = '2-W'), '7-2', 'COMPOSE FULL TEXTS: Write full persuasive/opinion pieces about topics or texts, attending to purpose and audience: organize ideas by stating a context and focus, develop supporting evidence /reasons (from text when appropriate to prompt) and elaboration, and develop a conclusion'),
  ((select id from claim where subject_id = 2 and code = '2-W'), '7-3', 'COMPOSE FULL TEXTS: Write full persuasive/opinion pieces about topics or texts, attending to purpose and audience: organize ideas by stating a context and focus, develop supporting evidence /reasons (from text when appropriate to prompt) and elaboration, and develop a conclusion'),
  ((select id from claim where subject_id = 2 and code = '2-W'), '7-4', 'COMPOSE FULL TEXTS: Write full persuasive/opinion pieces about topics or texts, attending to purpose and audience: organize ideas by stating a context and focus, develop supporting evidence /reasons (from text when appropriate to prompt) and elaboration, and develop a conclusion'),
  ((select id from claim where subject_id = 2 and code = '2-W'), '7-5', 'COMPOSE FULL TEXTS: Write full persuasive/opinion pieces about topics or texts, attending to purpose and audience: organize ideas by stating a context and focus, develop supporting evidence /reasons (from text when appropriate to prompt) and elaboration, and develop a conclusion'),
  ((select id from claim where subject_id = 2 and code = '2-W'), '7-6', 'COMPOSE FULL TEXTS: Write full arguments about topics or texts, attending to purpose and audience: establish and support a claim, organize and cite supporting (text) evidence from credible sources, and provide a conclusion'),
  ((select id from claim where subject_id = 2 and code = '2-W'), '7-7', 'COMPOSE FULL TEXTS: Write full arguments about topics or texts, attending to purpose and audience: establish and support a claim, organize and cite supporting (text) evidence from credible sources, and provide a conclusion'),
  ((select id from claim where subject_id = 2 and code = '2-W'), '7-8', 'COMPOSE FULL TEXTS: Write full arguments about topics or texts, attending to purpose and audience: establish and support a claim, organize and cite supporting (text) evidence from credible sources, and provide a conclusion'),
  ((select id from claim where subject_id = 2 and code = '2-W'), '7-9', 'COMPOSE FULL TEXTS: Write full persuasive pieces/arguments about topics or texts, attending to purpose and audience: establishing and supporting a claim, organizing and citing supporting evidence (from texts when appropriate) from credible sources, and providing a conclusion appropriate to purpose and audience'),
  ((select id from claim where subject_id = 2 and code = '2-W'), '7-KG', 'COMPOSE FULL TEXTS: Write full persuasive/opinion pieces about topics or texts, attending to purpose and audience: organize ideas by stating a context and focus, develop supporting evidence /reasons (from text when appropriate to prompt) and elaboration, and develop a conclusion'),
  ((select id from claim where subject_id = 2 and code = '2-W'), '8-1', 'LANGUAGE & VOCABULARY USE: Strategically use language and vocabulary (including academic or domain-specific vocabulary) appropriate to the purpose and audience when revising or composing texts'),
  ((select id from claim where subject_id = 2 and code = '2-W'), '8-10', 'LANGUAGE & VOCABULARY USE: Strategically use precise language and vocabulary (including academic and domain-specific vocabulary and figurative language) and style appropriate to the purpose and audience when revising or composing texts'),
  ((select id from claim where subject_id = 2 and code = '2-W'), '8-11', 'LANGUAGE & VOCABULARY USE: Strategically use precise language and vocabulary (including academic and domain-specific vocabulary and figurative language) and style appropriate to the purpose and audience when revising or composing texts'),
  ((select id from claim where subject_id = 2 and code = '2-W'), '8-12', 'LANGUAGE & VOCABULARY USE: Strategically use precise language and vocabulary (including academic and domain-specific vocabulary and figurative language) and style appropriate to the purpose and audience when revising or composing texts'),
  ((select id from claim where subject_id = 2 and code = '2-W'), '8-2', 'LANGUAGE & VOCABULARY USE: Strategically use language and vocabulary (including academic or domain-specific vocabulary) appropriate to the purpose and audience when revising or composing texts'),
  ((select id from claim where subject_id = 2 and code = '2-W'), '8-3', 'LANGUAGE & VOCABULARY USE: Strategically use language and vocabulary (including academic or domain-specific vocabulary) appropriate to the purpose and audience when revising or composing texts'),
  ((select id from claim where subject_id = 2 and code = '2-W'), '8-4', 'LANGUAGE & VOCABULARY USE: Strategically use language and vocabulary (including academic or domain-specific vocabulary) appropriate to the purpose and audience when revising or composing texts'),
  ((select id from claim where subject_id = 2 and code = '2-W'), '8-5', 'LANGUAGE & VOCABULARY USE: Strategically use language and vocabulary (including academic or domain-specific vocabulary) appropriate to the purpose and audience when revising or composing texts'),
  ((select id from claim where subject_id = 2 and code = '2-W'), '8-6', 'LANGUAGE & VOCABULARY USE: Strategically use precise language and vocabulary (including academic words and domain-specific vocabulary figurative language,) and style appropriate to the purpose and audience when revising or composing texts'),
  ((select id from claim where subject_id = 2 and code = '2-W'), '8-7', 'LANGUAGE & VOCABULARY USE: Strategically use precise language and vocabulary (including academic words and domain-specific vocabulary figurative language,) and style appropriate to the purpose and audience when revising or composing texts'),
  ((select id from claim where subject_id = 2 and code = '2-W'), '8-8', 'LANGUAGE & VOCABULARY USE: Strategically use precise language and vocabulary (including academic words and domain-specific vocabulary figurative language,) and style appropriate to the purpose and audience when revising or composing texts'),
  ((select id from claim where subject_id = 2 and code = '2-W'), '8-9', 'LANGUAGE & VOCABULARY USE: Strategically use precise language and vocabulary (including academic and domain-specific vocabulary and figurative language) and style appropriate to the purpose and audience when revising or composing texts'),
  ((select id from claim where subject_id = 2 and code = '2-W'), '8-KG', 'LANGUAGE & VOCABULARY USE: Strategically use language and vocabulary (including academic or domain-specific vocabulary) appropriate to the purpose and audience when revising or composing texts'),
  ((select id from claim where subject_id = 2 and code = '2-W'), '9-1', 'EDIT/CLARIFY: Apply or edit grade-appropriate grammar usage and mechanics to clarify a message and edit narrative, informational, and persuasive/opinion texts'),
  ((select id from claim where subject_id = 2 and code = '2-W'), '9-10', 'EDIT/CLARIFY: Apply or edit grade-appropriate grammar usage and mechanics to clarify a message and edit narrative, informational, and persuasive/argument texts'),
  ((select id from claim where subject_id = 2 and code = '2-W'), '9-11', 'EDIT/CLARIFY: Apply or edit grade-appropriate grammar usage and mechanics to clarify a message and edit narrative, informational, and persuasive/argument texts'),
  ((select id from claim where subject_id = 2 and code = '2-W'), '9-12', 'EDIT/CLARIFY: Apply or edit grade-appropriate grammar usage and mechanics to clarify a message and edit narrative, informational, and persuasive/argument texts'),
  ((select id from claim where subject_id = 2 and code = '2-W'), '9-2', 'EDIT/CLARIFY: Apply or edit grade-appropriate grammar usage and mechanics to clarify a message and edit narrative, informational, and persuasive/opinion texts'),
  ((select id from claim where subject_id = 2 and code = '2-W'), '9-3', 'EDIT/CLARIFY: Apply or edit grade-appropriate grammar usage and mechanics to clarify a message and edit narrative, informational, and persuasive/opinion texts'),
  ((select id from claim where subject_id = 2 and code = '2-W'), '9-4', 'EDIT/CLARIFY: Apply or edit grade-appropriate grammar usage and mechanics to clarify a message and edit narrative, informational, and persuasive/opinion texts'),
  ((select id from claim where subject_id = 2 and code = '2-W'), '9-5', 'EDIT/CLARIFY: Apply or edit grade-appropriate grammar usage and mechanics to clarify a message and edit narrative, informational, and persuasive/opinion texts'),
  ((select id from claim where subject_id = 2 and code = '2-W'), '9-6', 'EDIT/CLARIFY: Apply or edit grade-appropriate grammar usage and mechanics to clarify a message and edit narrative, informational, and persuasive texts'),
  ((select id from claim where subject_id = 2 and code = '2-W'), '9-7', 'EDIT/CLARIFY: Apply or edit grade-appropriate grammar usage and mechanics to clarify a message and edit narrative, informational, and persuasive texts'),
  ((select id from claim where subject_id = 2 and code = '2-W'), '9-8', 'EDIT/CLARIFY: Apply or edit grade-appropriate grammar usage and mechanics to clarify a message and edit narrative, informational, and persuasive texts'),
  ((select id from claim where subject_id = 2 and code = '2-W'), '9-9', 'EDIT/CLARIFY: Apply or edit grade-appropriate grammar usage and mechanics to clarify a message and edit narrative, informational, and persuasive/argument texts'),
  ((select id from claim where subject_id = 2 and code = '2-W'), '9-KG', 'EDIT/CLARIFY: Apply or edit grade-appropriate grammar usage and mechanics to clarify a message and edit narrative, informational, and persuasive/opinion texts'),
  ((select id from claim where subject_id = 2 and code = '3-L'), '4-1', 'LISTEN/INTERPRET: Interpret and use information delivered orally or visually'),
  ((select id from claim where subject_id = 2 and code = '3-L'), '4-10', 'LISTEN/INTERPRET: Analyze, interpret, and use information delivered orally or visually'),
  ((select id from claim where subject_id = 2 and code = '3-L'), '4-11', 'LISTEN/INTERPRET: Analyze, interpret, and use information delivered orally or visually'),
  ((select id from claim where subject_id = 2 and code = '3-L'), '4-12', 'LISTEN/INTERPRET: Analyze, interpret, and use information delivered orally or visually'),
  ((select id from claim where subject_id = 2 and code = '3-L'), '4-2', 'LISTEN/INTERPRET: Interpret and use information delivered orally or visually'),
  ((select id from claim where subject_id = 2 and code = '3-L'), '4-3', 'LISTEN/INTERPRET: Interpret and use information delivered orally or visually'),
  ((select id from claim where subject_id = 2 and code = '3-L'), '4-4', 'LISTEN/INTERPRET: Interpret and use information delivered orally or visually'),
  ((select id from claim where subject_id = 2 and code = '3-L'), '4-5', 'LISTEN/INTERPRET: Interpret and use information delivered orally or visually'),
  ((select id from claim where subject_id = 2 and code = '3-L'), '4-6', 'LISTEN/INTERPRET: Analyze, interpret, and use information delivered orally or visually'),
  ((select id from claim where subject_id = 2 and code = '3-L'), '4-7', 'LISTEN/INTERPRET: Analyze, interpret, and use information delivered orally or visually'),
  ((select id from claim where subject_id = 2 and code = '3-L'), '4-8', 'LISTEN/INTERPRET: Analyze, interpret, and use information delivered orally or visually'),
  ((select id from claim where subject_id = 2 and code = '3-L'), '4-9', 'LISTEN/INTERPRET: Analyze, interpret, and use information delivered orally or visually'),
  ((select id from claim where subject_id = 2 and code = '3-L'), '4-KG', 'LISTEN/INTERPRET: Interpret and use information delivered orally or visually'),
  ((select id from claim where subject_id = 2 and code = '3-S'), '1-1', 'LANGUAGE & VOCABULARY USE: Strategically use precise language (including academic and domainspecific vocabulary), syntax, and discourse appropriate to the purpose and audience when speaking'),
  ((select id from claim where subject_id = 2 and code = '3-S'), '1-10', 'LANGUAGE & VOCABULARY USE: Strategically use precise language (including academic and domainspecific vocabulary), figurative language, syntax, and discourse appropriate to the intent, purpose, and audience when speaking'),
  ((select id from claim where subject_id = 2 and code = '3-S'), '1-11', 'LANGUAGE & VOCABULARY USE: Strategically use precise language (including academic and domainspecific vocabulary), figurative language, syntax, and discourse appropriate to the intent, purpose, and audience when speaking'),
  ((select id from claim where subject_id = 2 and code = '3-S'), '1-12', 'LANGUAGE & VOCABULARY USE: Strategically use precise language (including academic and domainspecific vocabulary), figurative language, syntax, and discourse appropriate to the intent, purpose, and audience when speaking'),
  ((select id from claim where subject_id = 2 and code = '3-S'), '1-2', 'LANGUAGE & VOCABULARY USE: Strategically use precise language (including academic and domainspecific vocabulary), syntax, and discourse appropriate to the purpose and audience when speaking'),
  ((select id from claim where subject_id = 2 and code = '3-S'), '1-3', 'LANGUAGE & VOCABULARY USE: Strategically use precise language (including academic and domainspecific vocabulary), syntax, and discourse appropriate to the purpose and audience when speaking'),
  ((select id from claim where subject_id = 2 and code = '3-S'), '1-4', 'LANGUAGE & VOCABULARY USE: Strategically use precise language (including academic and domainspecific vocabulary), syntax, and discourse appropriate to the purpose and audience when speaking'),
  ((select id from claim where subject_id = 2 and code = '3-S'), '1-5', 'LANGUAGE & VOCABULARY USE: Strategically use precise language (including academic and domainspecific vocabulary), syntax, and discourse appropriate to the purpose and audience when speaking'),
  ((select id from claim where subject_id = 2 and code = '3-S'), '1-6', 'LANGUAGE & VOCABULARY USE: Strategically use precise language (including academic and domainspecific vocabulary), figurative language, syntax, and discourse appropriate to the intent, purpose, and audience when speaking'),
  ((select id from claim where subject_id = 2 and code = '3-S'), '1-7', 'LANGUAGE & VOCABULARY USE: Strategically use precise language (including academic and domainspecific vocabulary), figurative language, syntax, and discourse appropriate to the intent, purpose, and audience when speaking'),
  ((select id from claim where subject_id = 2 and code = '3-S'), '1-8', 'LANGUAGE & VOCABULARY USE: Strategically use precise language (including academic and domainspecific vocabulary), figurative language, syntax, and discourse appropriate to the intent, purpose, and audience when speaking'),
  ((select id from claim where subject_id = 2 and code = '3-S'), '1-9', 'LANGUAGE & VOCABULARY USE: Strategically use precise language (including academic and domainspecific vocabulary), figurative language, syntax, and discourse appropriate to the intent, purpose, and audience when speaking'),
  ((select id from claim where subject_id = 2 and code = '3-S'), '1-KG', 'LANGUAGE & VOCABULARY USE: Strategically use precise language (including academic and domainspecific vocabulary), syntax, and discourse appropriate to the purpose and audience when speaking'),
  ((select id from claim where subject_id = 2 and code = '3-S'), '2-1', 'CLARIFY MESSAGE: Use grade-appropriate grammar and mechanics to clarify a message appropriate to the purpose and audience'),
  ((select id from claim where subject_id = 2 and code = '3-S'), '2-10', 'CLARIFY MESSAGE: Use grade-appropriate grammar and mechanics to clarify a message appropriate to the purpose and audience'),
  ((select id from claim where subject_id = 2 and code = '3-S'), '2-11', 'CLARIFY MESSAGE: Use grade-appropriate grammar and mechanics to clarify a message appropriate to the purpose and audience'),
  ((select id from claim where subject_id = 2 and code = '3-S'), '2-12', 'CLARIFY MESSAGE: Use grade-appropriate grammar and mechanics to clarify a message appropriate to the purpose and audience'),
  ((select id from claim where subject_id = 2 and code = '3-S'), '2-2', 'CLARIFY MESSAGE: Use grade-appropriate grammar and mechanics to clarify a message appropriate to the purpose and audience'),
  ((select id from claim where subject_id = 2 and code = '3-S'), '2-3', 'CLARIFY MESSAGE: Use grade-appropriate grammar and mechanics to clarify a message appropriate to the purpose and audience'),
  ((select id from claim where subject_id = 2 and code = '3-S'), '2-4', 'CLARIFY MESSAGE: Use grade-appropriate grammar and mechanics to clarify a message appropriate to the purpose and audience'),
  ((select id from claim where subject_id = 2 and code = '3-S'), '2-5', 'CLARIFY MESSAGE: Use grade-appropriate grammar and mechanics to clarify a message appropriate to the purpose and audience'),
  ((select id from claim where subject_id = 2 and code = '3-S'), '2-6', 'CLARIFY MESSAGE: Use grade-appropriate grammar and mechanics to clarify a message appropriate to the purpose and audience'),
  ((select id from claim where subject_id = 2 and code = '3-S'), '2-7', 'CLARIFY MESSAGE: Use grade-appropriate grammar and mechanics to clarify a message appropriate to the purpose and audience'),
  ((select id from claim where subject_id = 2 and code = '3-S'), '2-8', 'CLARIFY MESSAGE: Use grade-appropriate grammar and mechanics to clarify a message appropriate to the purpose and audience'),
  ((select id from claim where subject_id = 2 and code = '3-S'), '2-9', 'CLARIFY MESSAGE: Use grade-appropriate grammar and mechanics to clarify a message appropriate to the purpose and audience'),
  ((select id from claim where subject_id = 2 and code = '3-S'), '2-KG', 'CLARIFY MESSAGE: Use grade-appropriate grammar and mechanics to clarify a message appropriate to the purpose and audience'),
  ((select id from claim where subject_id = 2 and code = '3-S'), '3-1', 'PLAN/SPEAK/PRESENT: Compose (gather and organize information) and orally deliver short (e.g., summarize, paraphrase) and longer presentations for different purposes and audiences, adding visual/graphic/audio enhancements when appropriate for clarifying the message'),
  ((select id from claim where subject_id = 2 and code = '3-S'), '3-10', 'PLAN/SPEAK/PRESENT: Compose (gather and organize) and orally deliver short (e.g., summaries) and longer (presentations) for different purposes and audiences, drawing from a range of digital media to enhance the message or intent'),
  ((select id from claim where subject_id = 2 and code = '3-S'), '3-11', 'PLAN/SPEAK/PRESENT: Compose (gather and organize) and orally deliver short (e.g., summaries) and longer (presentations) for different purposes and audiences, drawing from a range of digital media to enhance the message or intent'),
  ((select id from claim where subject_id = 2 and code = '3-S'), '3-12', 'PLAN/SPEAK/PRESENT: Compose (gather and organize) and orally deliver short (e.g., summaries) and longer (presentations) for different purposes and audiences, drawing from a range of digital media to enhance the message or intent'),
  ((select id from claim where subject_id = 2 and code = '3-S'), '3-2', 'PLAN/SPEAK/PRESENT: Compose (gather and organize information) and orally deliver short (e.g., summarize, paraphrase) and longer presentations for different purposes and audiences, adding visual/graphic/audio enhancements when appropriate for clarifying the message'),
  ((select id from claim where subject_id = 2 and code = '3-S'), '3-3', 'PLAN/SPEAK/PRESENT: Compose (gather and organize information) and orally deliver short (e.g., summarize, paraphrase) and longer presentations for different purposes and audiences, adding visual/graphic/audio enhancements when appropriate for clarifying the message'),
  ((select id from claim where subject_id = 2 and code = '3-S'), '3-4', 'PLAN/SPEAK/PRESENT: Compose (gather and organize information) and orally deliver short (e.g., summarize, paraphrase) and longer presentations for different purposes and audiences, adding visual/graphic/audio enhancements when appropriate for clarifying the message'),
  ((select id from claim where subject_id = 2 and code = '3-S'), '3-5', 'PLAN/SPEAK/PRESENT: Compose (gather and organize information) and orally deliver short (e.g., summarize, paraphrase) and longer presentations for different purposes and audiences, adding visual/graphic/audio enhancements when appropriate for clarifying the message'),
  ((select id from claim where subject_id = 2 and code = '3-S'), '3-6', 'PLAN/SPEAK/PRESENT: Compose (gather and organize information) and orally deliver short (e.g., summarize key ideas) and longer presentations for different purposes and audiences, adding the use of visual/graphic/digital/audio enhancements when appropriate for clarifying the message or intent'),
  ((select id from claim where subject_id = 2 and code = '3-S'), '3-7', 'PLAN/SPEAK/PRESENT: Compose (gather and organize information) and orally deliver short (e.g., summarize key ideas) and longer presentations for different purposes and audiences, adding the use of visual/graphic/digital/audio enhancements when appropriate for clarifying the message or intent'),
  ((select id from claim where subject_id = 2 and code = '3-S'), '3-8', 'PLAN/SPEAK/PRESENT: Compose (gather and organize information) and orally deliver short (e.g., summarize key ideas) and longer presentations for different purposes and audiences, adding the use of visual/graphic/digital/audio enhancements when appropriate for clarifying the message or intent'),
  ((select id from claim where subject_id = 2 and code = '3-S'), '3-9', 'PLAN/SPEAK/PRESENT: Compose (gather and organize) and orally deliver short (e.g., summaries) and longer (presentations) for different purposes and audiences, drawing from a range of digital media to enhance the message or intent'),
  ((select id from claim where subject_id = 2 and code = '3-S'), '3-KG', 'PLAN/SPEAK/PRESENT: Compose (gather and organize information) and orally deliver short (e.g., summarize, paraphrase) and longer presentations for different purposes and audiences, adding visual/graphic/audio enhancements when appropriate for clarifying the message'),
  ((select id from claim where subject_id = 2 and code = '4-CR'), '1-1', 'PLAN/RESEARCH: Conduct short research projects to answer a multi-step question or to investigate different aspects (subtopics) of a broader topic or concept'),
  ((select id from claim where subject_id = 2 and code = '4-CR'), '1-10', 'PLAN/RESEARCH: Devise an approach and conduct short focused research projects to explore a topic, issue or problem, analyzing interrelationships among concepts or perspectives'),
  ((select id from claim where subject_id = 2 and code = '4-CR'), '1-11', 'PLAN/RESEARCH: Devise an approach and conduct short focused research projects to explore a topic, issue or problem, analyzing interrelationships among concepts or perspectives'),
  ((select id from claim where subject_id = 2 and code = '4-CR'), '1-12', 'PLAN/RESEARCH: Devise an approach and conduct short focused research projects to explore a topic, issue or problem, analyzing interrelationships among concepts or perspectives'),
  ((select id from claim where subject_id = 2 and code = '4-CR'), '1-2', 'PLAN/RESEARCH: Conduct short research projects to answer a multi-step question or to investigate different aspects (subtopics) of a broader topic or concept'),
  ((select id from claim where subject_id = 2 and code = '4-CR'), '1-3', 'PLAN/RESEARCH: Conduct short research projects to answer a multi-step question or to investigate different aspects (subtopics) of a broader topic or concept'),
  ((select id from claim where subject_id = 2 and code = '4-CR'), '1-4', 'PLAN/RESEARCH: Conduct short research projects to answer a multi-step question or to investigate different aspects (subtopics) of a broader topic or concept'),
  ((select id from claim where subject_id = 2 and code = '4-CR'), '1-5', 'PLAN/RESEARCH: Conduct short research projects to answer a multi-step question or to investigate different aspects (subtopics) of a broader topic or concept'),
  ((select id from claim where subject_id = 2 and code = '4-CR'), '1-6', 'PLAN/RESEARCH: Conduct short research projects to explore a topic, issue or problem, analyzing interrelationships among concepts or perspectives'),
  ((select id from claim where subject_id = 2 and code = '4-CR'), '1-7', 'PLAN/RESEARCH: Conduct short research projects to explore a topic, issue or problem, analyzing interrelationships among concepts or perspectives'),
  ((select id from claim where subject_id = 2 and code = '4-CR'), '1-8', 'PLAN/RESEARCH: Conduct short research projects to explore a topic, issue or problem, analyzing interrelationships among concepts or perspectives'),
  ((select id from claim where subject_id = 2 and code = '4-CR'), '1-9', 'PLAN/RESEARCH: Devise an approach and conduct short focused research projects to explore a topic, issue or problem, analyzing interrelationships among concepts or perspectives'),
  ((select id from claim where subject_id = 2 and code = '4-CR'), '1-KG', 'PLAN/RESEARCH: Conduct short research projects to answer a multi-step question or to investigate different aspects (subtopics) of a broader topic or concept'),
  ((select id from claim where subject_id = 2 and code = '4-CR'), '2-1', 'INTERPRET & INTEGRATE INFORMATION: Locate information to support central ideas and subtopics; Select and integrate information from data or print and non-print text sources'),
  ((select id from claim where subject_id = 2 and code = '4-CR'), '2-10', 'ANALYZE/INTEGRATE INFORMATION: Gather, analyze, and integrate multiple sources of information/evidence to support a presentation on a topic'),
  ((select id from claim where subject_id = 2 and code = '4-CR'), '2-11', 'ANALYZE/INTEGRATE INFORMATION: Gather, analyze, and integrate multiple sources of information/evidence to support a presentation on a topic'),
  ((select id from claim where subject_id = 2 and code = '4-CR'), '2-12', 'ANALYZE/INTEGRATE INFORMATION: Gather, analyze, and integrate multiple sources of information/evidence to support a presentation on a topic'),
  ((select id from claim where subject_id = 2 and code = '4-CR'), '2-2', 'INTERPRET & INTEGRATE INFORMATION: Locate information to support central ideas and subtopics; Select and integrate information from data or print and non-print text sources'),
  ((select id from claim where subject_id = 2 and code = '4-CR'), '2-3', 'INTERPRET & INTEGRATE INFORMATION: Locate information to support central ideas and subtopics; Select and integrate information from data or print and non-print text sources'),
  ((select id from claim where subject_id = 2 and code = '4-CR'), '2-4', 'INTERPRET & INTEGRATE INFORMATION: Locate information to support central ideas and subtopics; Select and integrate information from data or print and non-print text sources'),
  ((select id from claim where subject_id = 2 and code = '4-CR'), '2-5', 'INTERPRET & INTEGRATE INFORMATION: Locate information to support central ideas and subtopics; Select and integrate information from data or print and non-print text sources'),
  ((select id from claim where subject_id = 2 and code = '4-CR'), '2-6', 'ANALYZE/INTEGRATE INFORMATION: Analyze information within and among sources of information (print and non-print texts, data sets, conducting procedures, etc.)'),
  ((select id from claim where subject_id = 2 and code = '4-CR'), '2-7', 'ANALYZE/INTEGRATE INFORMATION: Analyze information within and among sources of information (print and non-print texts, data sets, conducting procedures, etc.)'),
  ((select id from claim where subject_id = 2 and code = '4-CR'), '2-8', 'ANALYZE/INTEGRATE INFORMATION: Analyze information within and among sources of information (print and non-print texts, data sets, conducting procedures, etc.)'),
  ((select id from claim where subject_id = 2 and code = '4-CR'), '2-9', 'ANALYZE/INTEGRATE INFORMATION: Gather, analyze, and integrate multiple sources of information/evidence to support a presentation on a topic'),
  ((select id from claim where subject_id = 2 and code = '4-CR'), '2-KG', 'INTERPRET & INTEGRATE INFORMATION: Locate information to support central ideas and subtopics; Select and integrate information from data or print and non-print text sources'),
  ((select id from claim where subject_id = 2 and code = '4-CR'), '3-1', 'EVALUATE INFORMATION/SOURCES: Distinguish relevant-irrelevant information (e.g., fact/opinion)'),
  ((select id from claim where subject_id = 2 and code = '4-CR'), '3-10', 'EVALUATE INFORMATION/SOURCES: Evaluate relevancy, accuracy, and completeness of information from multiple sources'),
  ((select id from claim where subject_id = 2 and code = '4-CR'), '3-11', 'EVALUATE INFORMATION/SOURCES: Evaluate relevancy, accuracy, and completeness of information from multiple sources'),
  ((select id from claim where subject_id = 2 and code = '4-CR'), '3-12', 'EVALUATE INFORMATION/SOURCES: Evaluate relevancy, accuracy, and completeness of information from multiple sources'),
  ((select id from claim where subject_id = 2 and code = '4-CR'), '3-2', 'EVALUATE INFORMATION/SOURCES: Distinguish relevant-irrelevant information (e.g., fact/opinion)'),
  ((select id from claim where subject_id = 2 and code = '4-CR'), '3-3', 'EVALUATE INFORMATION/SOURCES: Distinguish relevant-irrelevant information (e.g., fact/opinion)'),
  ((select id from claim where subject_id = 2 and code = '4-CR'), '3-4', 'EVALUATE INFORMATION/SOURCES: Distinguish relevant-irrelevant information (e.g., fact/opinion)'),
  ((select id from claim where subject_id = 2 and code = '4-CR'), '3-5', 'EVALUATE INFORMATION/SOURCES: Distinguish relevant-irrelevant information (e.g., fact/opinion)'),
  ((select id from claim where subject_id = 2 and code = '4-CR'), '3-6', 'EVALUATE INFORMATION/SOURCES: Use reasoning, planning, and evidence to gather and select information to support inferences, interpretations, and analyses'),
  ((select id from claim where subject_id = 2 and code = '4-CR'), '3-7', 'EVALUATE INFORMATION/SOURCES: Use reasoning, planning, and evidence to gather and select information to support inferences, interpretations, and analyses'),
  ((select id from claim where subject_id = 2 and code = '4-CR'), '3-8', 'EVALUATE INFORMATION/SOURCES: Use reasoning, planning, and evidence to gather and select information to support inferences, interpretations, and analyses'),
  ((select id from claim where subject_id = 2 and code = '4-CR'), '3-9', 'EVALUATE INFORMATION/SOURCES: Evaluate relevancy, accuracy, and completeness of information from multiple sources'),
  ((select id from claim where subject_id = 2 and code = '4-CR'), '3-KG', 'EVALUATE INFORMATION/SOURCES: Distinguish relevant-irrelevant information (e.g., fact/opinion)'),
  ((select id from claim where subject_id = 2 and code = '4-CR'), '4-1', 'USE EVIDENCE: Generate conjectures or opinions and cite evidence to support them based on prior knowledge and evidence collected and analyzed'),
  ((select id from claim where subject_id = 2 and code = '4-CR'), '4-10', 'USE EVIDENCE: Cite evidence to support arguments or conjectures'),
  ((select id from claim where subject_id = 2 and code = '4-CR'), '4-11', 'USE EVIDENCE: Cite evidence to support arguments or conjectures'),
  ((select id from claim where subject_id = 2 and code = '4-CR'), '4-12', 'USE EVIDENCE: Cite evidence to support arguments or conjectures'),
  ((select id from claim where subject_id = 2 and code = '4-CR'), '4-2', 'USE EVIDENCE: Generate conjectures or opinions and cite evidence to support them based on prior knowledge and evidence collected and analyzed'),
  ((select id from claim where subject_id = 2 and code = '4-CR'), '4-3', 'USE EVIDENCE: Generate conjectures or opinions and cite evidence to support them based on prior knowledge and evidence collected and analyzed'),
  ((select id from claim where subject_id = 2 and code = '4-CR'), '4-4', 'USE EVIDENCE: Generate conjectures or opinions and cite evidence to support them based on prior knowledge and evidence collected and analyzed'),
  ((select id from claim where subject_id = 2 and code = '4-CR'), '4-5', 'USE EVIDENCE: Generate conjectures or opinions and cite evidence to support them based on prior knowledge and evidence collected and analyzed'),
  ((select id from claim where subject_id = 2 and code = '4-CR'), '4-6', 'USE EVIDENCE: Cite evidence to support analyses, arguments, or critiques'),
  ((select id from claim where subject_id = 2 and code = '4-CR'), '4-7', 'USE EVIDENCE: Cite evidence to support analyses, arguments, or critiques'),
  ((select id from claim where subject_id = 2 and code = '4-CR'), '4-8', 'USE EVIDENCE: Cite evidence to support analyses, arguments, or critiques'),
  ((select id from claim where subject_id = 2 and code = '4-CR'), '4-9', 'USE EVIDENCE: Cite evidence to support arguments or conjectures'),
  ((select id from claim where subject_id = 2 and code = '4-CR'), '4-KG', 'USE EVIDENCE: Generate conjectures or opinions and cite evidence to support them based on prior knowledge and evidence collected and analyzed'),
  ((select id from claim where subject_id = 2 and code = '4-CR'), '5-1', 'LANGUAGE & VOCABULARY USE: Strategically use language, vocabulary (including academic and domain-specific vocabulary), and syntax appropriate to the purpose and audience'),
  ((select id from claim where subject_id = 2 and code = '4-CR'), '5-10', 'LANGUAGE & VOCABULARY USE: Strategically use precise language and vocabulary (including academic and domain-specific vocabulary), figurative language, and syntax appropriate to the purpose and audience'),
  ((select id from claim where subject_id = 2 and code = '4-CR'), '5-11', 'LANGUAGE & VOCABULARY USE: Strategically use precise language and vocabulary (including academic and domain-specific vocabulary), figurative language, and syntax appropriate to the purpose and audience'),
  ((select id from claim where subject_id = 2 and code = '4-CR'), '5-12', 'LANGUAGE & VOCABULARY USE: Strategically use precise language and vocabulary (including academic and domain-specific vocabulary), figurative language, and syntax appropriate to the purpose and audience'),
  ((select id from claim where subject_id = 2 and code = '4-CR'), '5-2', 'LANGUAGE & VOCABULARY USE: Strategically use language, vocabulary (including academic and domain-specific vocabulary), and syntax appropriate to the purpose and audience'),
  ((select id from claim where subject_id = 2 and code = '4-CR'), '5-3', 'LANGUAGE & VOCABULARY USE: Strategically use language, vocabulary (including academic and domain-specific vocabulary), and syntax appropriate to the purpose and audience'),
  ((select id from claim where subject_id = 2 and code = '4-CR'), '5-4', 'LANGUAGE & VOCABULARY USE: Strategically use language, vocabulary (including academic and domain-specific vocabulary), and syntax appropriate to the purpose and audience'),
  ((select id from claim where subject_id = 2 and code = '4-CR'), '5-5', 'LANGUAGE & VOCABULARY USE: Strategically use language, vocabulary (including academic and domain-specific vocabulary), and syntax appropriate to the purpose and audience'),
  ((select id from claim where subject_id = 2 and code = '4-CR'), '5-6', 'LANGUAGE & VOCABULARY USE: Strategically use precise language and vocabulary (including academic and domain-specific vocabulary), figurative language, and syntax appropriate to the purpose and audience'),
  ((select id from claim where subject_id = 2 and code = '4-CR'), '5-7', 'LANGUAGE & VOCABULARY USE: Strategically use precise language and vocabulary (including academic and domain-specific vocabulary), figurative language, and syntax appropriate to the purpose and audience'),
  ((select id from claim where subject_id = 2 and code = '4-CR'), '5-8', 'LANGUAGE & VOCABULARY USE: Strategically use precise language and vocabulary (including academic and domain-specific vocabulary), figurative language, and syntax appropriate to the purpose and audience'),
  ((select id from claim where subject_id = 2 and code = '4-CR'), '5-9', 'LANGUAGE & VOCABULARY USE: Strategically use precise language and vocabulary (including academic and domain-specific vocabulary), figurative language, and syntax appropriate to the purpose and audience'),
  ((select id from claim where subject_id = 2 and code = '4-CR'), '5-KG', 'LANGUAGE & VOCABULARY USE: Strategically use language, vocabulary (including academic and domain-specific vocabulary), and syntax appropriate to the purpose and audience'),
  ((select id from claim where subject_id = 2 and code = '4-CR'), '6-1', 'EDIT/CLARIFY: Apply grade-appropriate grammar usage and mechanics to clarify a message'),
  ((select id from claim where subject_id = 2 and code = '4-CR'), '6-10', 'EDIT/CLARIFY: Apply grade-appropriate grammar usage and mechanics to clarify a message (narrative, informational, and persuasive texts)'),
  ((select id from claim where subject_id = 2 and code = '4-CR'), '6-11', 'EDIT/CLARIFY: Apply grade-appropriate grammar usage and mechanics to clarify a message (narrative, informational, and persuasive texts)'),
  ((select id from claim where subject_id = 2 and code = '4-CR'), '6-12', 'EDIT/CLARIFY: Apply grade-appropriate grammar usage and mechanics to clarify a message (narrative, informational, and persuasive texts)'),
  ((select id from claim where subject_id = 2 and code = '4-CR'), '6-2', 'EDIT/CLARIFY: Apply grade-appropriate grammar usage and mechanics to clarify a message'),
  ((select id from claim where subject_id = 2 and code = '4-CR'), '6-3', 'EDIT/CLARIFY: Apply grade-appropriate grammar usage and mechanics to clarify a message'),
  ((select id from claim where subject_id = 2 and code = '4-CR'), '6-4', 'EDIT/CLARIFY: Apply grade-appropriate grammar usage and mechanics to clarify a message'),
  ((select id from claim where subject_id = 2 and code = '4-CR'), '6-5', 'EDIT/CLARIFY: Apply grade-appropriate grammar usage and mechanics to clarify a message'),
  ((select id from claim where subject_id = 2 and code = '4-CR'), '6-6', 'EDIT/CLARIFY: Apply grade-appropriate grammar usage and mechanics to clarify a message'),
  ((select id from claim where subject_id = 2 and code = '4-CR'), '6-7', 'EDIT/CLARIFY: Apply grade-appropriate grammar usage and mechanics to clarify a message'),
  ((select id from claim where subject_id = 2 and code = '4-CR'), '6-8', 'EDIT/CLARIFY: Apply grade-appropriate grammar usage and mechanics to clarify a message'),
  ((select id from claim where subject_id = 2 and code = '4-CR'), '6-9', 'EDIT/CLARIFY: Apply grade-appropriate grammar usage and mechanics to clarify a message (narrative, informational, and persuasive texts)'),
  ((select id from claim where subject_id = 2 and code = '4-CR'), '6-KG', 'EDIT/CLARIFY: Apply grade-appropriate grammar usage and mechanics to clarify a message'),
  ((select id from claim where subject_id = 2 and code = '4-CR'), '7-1', 'TECHNOLOGY: Use tools of technology to gather information, make revisions, or to produce texts/presentations'),
  ((select id from claim where subject_id = 2 and code = '4-CR'), '7-10', 'TECHNOLOGY: Use tools of technology to gather information, make revisions, or to produce texts/presentations'),
  ((select id from claim where subject_id = 2 and code = '4-CR'), '7-11', 'TECHNOLOGY: Use tools of technology to gather information, make revisions, or to produce texts/presentations'),
  ((select id from claim where subject_id = 2 and code = '4-CR'), '7-12', 'TECHNOLOGY: Use tools of technology to gather information, make revisions, or to produce texts/presentations'),
  ((select id from claim where subject_id = 2 and code = '4-CR'), '7-2', 'TECHNOLOGY: Use tools of technology to gather information, make revisions, or to produce texts/presentations'),
  ((select id from claim where subject_id = 2 and code = '4-CR'), '7-3', 'TECHNOLOGY: Use tools of technology to gather information, make revisions, or to produce texts/presentations'),
  ((select id from claim where subject_id = 2 and code = '4-CR'), '7-4', 'TECHNOLOGY: Use tools of technology to gather information, make revisions, or to produce texts/presentations'),
  ((select id from claim where subject_id = 2 and code = '4-CR'), '7-5', 'TECHNOLOGY: Use tools of technology to gather information, make revisions, or to produce texts/presentations'),
  ((select id from claim where subject_id = 2 and code = '4-CR'), '7-6', 'TECHNOLOGY: Use tools of technology to gather information, make revisions, or to produce texts/presentations'),
  ((select id from claim where subject_id = 2 and code = '4-CR'), '7-7', 'TECHNOLOGY: Use tools of technology to gather information, make revisions, or to produce texts/presentations'),
  ((select id from claim where subject_id = 2 and code = '4-CR'), '7-8', 'TECHNOLOGY: Use tools of technology to gather information, make revisions, or to produce texts/presentations'),
  ((select id from claim where subject_id = 2 and code = '4-CR'), '7-9', 'TECHNOLOGY: Use tools of technology to gather information, make revisions, or to produce texts/presentations'),
  ((select id from claim where subject_id = 2 and code = '4-CR'), '7-KG', 'TECHNOLOGY: Use tools of technology to gather information, make revisions, or to produce texts/presentations'),
  ((select id from claim where subject_id = 2 and code = 'NA'), 'NA-1', 'Standards not listed within an SBAC claim'),
  ((select id from claim where subject_id = 2 and code = 'NA'), 'NA-10', 'Standards not listed within an SBAC claim'),
  ((select id from claim where subject_id = 2 and code = 'NA'), 'NA-11', 'Standards not listed within an SBAC claim'),
  ((select id from claim where subject_id = 2 and code = 'NA'), 'NA-12', 'Standards not listed within an SBAC claim'),
  ((select id from claim where subject_id = 2 and code = 'NA'), 'NA-2', 'Standards not listed within an SBAC claim'),
  ((select id from claim where subject_id = 2 and code = 'NA'), 'NA-3', 'Standards not listed within an SBAC claim'),
  ((select id from claim where subject_id = 2 and code = 'NA'), 'NA-4', 'Standards not listed within an SBAC claim'),
  ((select id from claim where subject_id = 2 and code = 'NA'), 'NA-5', 'Standards not listed within an SBAC claim'),
  ((select id from claim where subject_id = 2 and code = 'NA'), 'NA-6', 'Standards not listed within an SBAC claim'),
  ((select id from claim where subject_id = 2 and code = 'NA'), 'NA-7', 'Standards not listed within an SBAC claim'),
  ((select id from claim where subject_id = 2 and code = 'NA'), 'NA-8', 'Standards not listed within an SBAC claim'),
  ((select id from claim where subject_id = 2 and code = 'NA'), 'NA-KG', 'Standards not listed within an SBAC claim'),
  -- TODO: this is math's 'Target', minus the 'X,XX,XXX' targets. Still waiting on the rules to load math targets correctly.
  ((select id from claim where subject_id = 1 and code = '1'),'A','Number and Quantities: Extend the properties of exponents to rational exponents.'),
  ((select id from claim where subject_id = 1 and code = '1'),'A-1','Represent and solve problems involving addition and subtraction.'),
  ((select id from claim where subject_id = 1 and code = '1'),'A-2','Represent and solve problems involving addition and subtraction.'),
  ((select id from claim where subject_id = 1 and code = '1'),'A-3','Represent and solve problems involving multiplication and division.'),
  ((select id from claim where subject_id = 1 and code = '1'),'A-4','Use the four operations with whole numbers to solve problems.'),
  ((select id from claim where subject_id = 1 and code = '1'),'A-5','Write and interpret numerical expressions.'),
  ((select id from claim where subject_id = 1 and code = '1'),'A-6','Understand ration concepts and use ratio reasoning to solve problems.'),
  ((select id from claim where subject_id = 1 and code = '1'),'A-7','Analyze proportional relationships and use them to solve real-world and mathematical problems.'),
  ((select id from claim where subject_id = 1 and code = '1'),'A-8','Know that there are numbers that are not rational, and approximate them by rational numbers.'),
  ((select id from claim where subject_id = 1 and code = '1'),'A-KG','Know number names and the count sequence'),
  ((select id from claim where subject_id = 1 and code = '1'),'B','Number and Quantities: Use properties of rational and irrational numbers.'),
  ((select id from claim where subject_id = 1 and code = '1'),'B-1','Understand and apply properties of operations and the relationship between addition and subtraction.'),
  ((select id from claim where subject_id = 1 and code = '1'),'B-2','Add and subtract within 20.'),
  ((select id from claim where subject_id = 1 and code = '1'),'B-3','Understand properties of multiplication and the relationship between multiplication and division.'),
  ((select id from claim where subject_id = 1 and code = '1'),'B-4','Get familiarity with factors and multiples.'),
  ((select id from claim where subject_id = 1 and code = '1'),'B-5','Analyze patterns and relationships.'),
  ((select id from claim where subject_id = 1 and code = '1'),'B-6','Apply and extend previous understandings of multiplication and division to divide fractions by fractions.'),
  ((select id from claim where subject_id = 1 and code = '1'),'B-7','Apply and extend previous understandings of operations with fractions to add, subtract, multiply, and divide rational numbers.'),
  ((select id from claim where subject_id = 1 and code = '1'),'B-8','Work with radicals and integer exponents.'),
  ((select id from claim where subject_id = 1 and code = '1'),'B-KG','Count to tell the number of objects.'),
  ((select id from claim where subject_id = 1 and code = '1'),'C','Number and Quantities: Reason quantitatively and use units to solve problems.'),
  ((select id from claim where subject_id = 1 and code = '1'),'C-1','Add and subtract within 20.'),
  ((select id from claim where subject_id = 1 and code = '1'),'C-2','Work with equal groups of objects to gain foundations for multiplication.'),
  ((select id from claim where subject_id = 1 and code = '1'),'C-3','Multiply and divide within 100.'),
  ((select id from claim where subject_id = 1 and code = '1'),'C-4','Generate and analyze patterns.'),
  ((select id from claim where subject_id = 1 and code = '1'),'C-5','Understand the place value system.'),
  ((select id from claim where subject_id = 1 and code = '1'),'C-6','Compute fluently with muti-digit numbers and find common factors and multiples.'),
  ((select id from claim where subject_id = 1 and code = '1'),'C-7','Use properties of operations to generate equivalent expressions.'),
  ((select id from claim where subject_id = 1 and code = '1'),'C-8','Understand the connections between proportional relationships, lines, and linear equations.'),
  ((select id from claim where subject_id = 1 and code = '1'),'C-KG','Compare Numbers'),
  ((select id from claim where subject_id = 1 and code = '1'),'D','Algebra: Interpret the structure of expressions.'),
  ((select id from claim where subject_id = 1 and code = '1'),'D-1','Work with addition and subtraction equations.'),
  ((select id from claim where subject_id = 1 and code = '1'),'D-2','Understand place  value.'),
  ((select id from claim where subject_id = 1 and code = '1'),'D-3','Solve problems involving the four operations, and identify and explain patterns in arithmetic.'),
  ((select id from claim where subject_id = 1 and code = '1'),'D-4','Generalize place value understanding for multi-digit whole numbers.'),
  ((select id from claim where subject_id = 1 and code = '1'),'D-5','Perform operations with multi-digit whole numbers and with decimals to hundredths.'),
  ((select id from claim where subject_id = 1 and code = '1'),'D-6','Apply and extend previous understandings of numbers to the system of rational numbers.'),
  ((select id from claim where subject_id = 1 and code = '1'),'D-7','Solve real-life and mathematical problems using numerical and algebraic expressions and equations.'),
  ((select id from claim where subject_id = 1 and code = '1'),'D-8','Analyze and solve linear equations and pairs of simultaneous linear equations.'),
  ((select id from claim where subject_id = 1 and code = '1'),'D-KG','Understand addition as putting together and adding to, and understand subtraction as taking apart and taking from.'),
  ((select id from claim where subject_id = 1 and code = '1'),'E','Algebra: Write expressions in equivalent forms to solve problems.'),
  ((select id from claim where subject_id = 1 and code = '1'),'E-1','Extend the counting sequence.'),
  ((select id from claim where subject_id = 1 and code = '1'),'E-2','Use place value understanding and properties of operations to add and subtract.'),
  ((select id from claim where subject_id = 1 and code = '1'),'E-3','Use place value understanding and properties of operations to perform multi-digit arithmetic.'),
  ((select id from claim where subject_id = 1 and code = '1'),'E-4','Use place value understanding and properties of operations to perform multi-digit arithmetic.'),
  ((select id from claim where subject_id = 1 and code = '1'),'E-5','Use equivalent fractions as a strategy to add and subtract fractions.'),
  ((select id from claim where subject_id = 1 and code = '1'),'E-6','Apply and extend previous understandings of arithmetic to algebraic expressions.'),
  ((select id from claim where subject_id = 1 and code = '1'),'E-7','Draw, construct, and describe geometrical figures and describe the relationship between them.'),
  ((select id from claim where subject_id = 1 and code = '1'),'E-8','Define, evaluate, and compare functions.'),
  ((select id from claim where subject_id = 1 and code = '1'),'E-KG','Work with numbers 11-19 to gain foundations for place value.'),
  ((select id from claim where subject_id = 1 and code = '1'),'F','Algebra: Perform arithmetic operations on polynomials.'),
  ((select id from claim where subject_id = 1 and code = '1'),'F-1','Understand place value.'),
  ((select id from claim where subject_id = 1 and code = '1'),'F-2','Measure and estimate lengths in standard units.'),
  ((select id from claim where subject_id = 1 and code = '1'),'F-3','Develop understanding of fractions as numbers.'),
  ((select id from claim where subject_id = 1 and code = '1'),'F-4','Extend understanding of fractions equivalence and ordering.'),
  ((select id from claim where subject_id = 1 and code = '1'),'F-5','Apply and extend previous understandings of multiplication and division to multiply and divide fractions.'),
  ((select id from claim where subject_id = 1 and code = '1'),'F-6','Reason about and solve one-variable equations and inequalities.'),
  ((select id from claim where subject_id = 1 and code = '1'),'F-7','Solve real-life and mathematical problems involving angle measure, area, surface area, and volume.'),
  ((select id from claim where subject_id = 1 and code = '1'),'F-8','Use functions to model relationships between quantities.'),
  ((select id from claim where subject_id = 1 and code = '1'),'F-KG','Describe and compare measurable attributes.'),
  ((select id from claim where subject_id = 1 and code = '1'),'G','Algebra: Create equations that describe numbers or relationships'),
  ((select id from claim where subject_id = 1 and code = '1'),'G-1','Use place value understanding and properties of operations to add and subtract.'),
  ((select id from claim where subject_id = 1 and code = '1'),'G-2','Relate addition and subtraction to length.'),
  ((select id from claim where subject_id = 1 and code = '1'),'G-3','Solve problems involving measurement and estimation of intervals of time, liquid volumes, and masses of objects.'),
  ((select id from claim where subject_id = 1 and code = '1'),'G-4','Build fractions from unit fractions by applying and extending previous understandings of operations on whole numbers.'),
  ((select id from claim where subject_id = 1 and code = '1'),'G-5','Convert like measurement units within a given measurement system.'),
  ((select id from claim where subject_id = 1 and code = '1'),'G-6','Represent and analyze quantitative relationships between dependent and independent variables.'),
  ((select id from claim where subject_id = 1 and code = '1'),'G-7','Use random sampling to draw inferences about a population.'),
  ((select id from claim where subject_id = 1 and code = '1'),'G-8','Understand congruence and similarity using physical models, transparencies, or geometry software.'),
  ((select id from claim where subject_id = 1 and code = '1'),'G-KG','Classify objects and count the number of objects in each category.'),
  ((select id from claim where subject_id = 1 and code = '1'),'H','Algebra: Understand solving equations as a process of reasoning and explain the reasoning.'),
  ((select id from claim where subject_id = 1 and code = '1'),'H-1','Measure lengths indirectly and by iterating length units.'),
  ((select id from claim where subject_id = 1 and code = '1'),'H-2','Work with time and money.'),
  ((select id from claim where subject_id = 1 and code = '1'),'H-3','Represent and interpret data.'),
  ((select id from claim where subject_id = 1 and code = '1'),'H-4','Understand decimal notation for fractions, and compare decimal fractions.'),
  ((select id from claim where subject_id = 1 and code = '1'),'H-5','Represent and interpret data.'),
  ((select id from claim where subject_id = 1 and code = '1'),'H-6','Solve real-world and mathematical problems involving area, surface area, and volume.'),
  ((select id from claim where subject_id = 1 and code = '1'),'H-7','Draw informal comparative inferences about two populations'),
  ((select id from claim where subject_id = 1 and code = '1'),'H-8','Understand and apply the Pythagorean Theorem.'),
  ((select id from claim where subject_id = 1 and code = '1'),'H-KG','Identify and describe shapes (squares, circles, triangles, rectangles, hexagons, cubes, cones, cylinders, and spheres).'),
  ((select id from claim where subject_id = 1 and code = '1'),'I','Algebra: Solve equations and inequalities in one variable.'),
  ((select id from claim where subject_id = 1 and code = '1'),'I-1','Tell and write time.'),
  ((select id from claim where subject_id = 1 and code = '1'),'I-2','Represent and interpret data.'),
  ((select id from claim where subject_id = 1 and code = '1'),'I-3','Geometric measurement: understand concepts of area and relate area to multiplication and to addition.'),
  ((select id from claim where subject_id = 1 and code = '1'),'I-4','Solve problems involving measurement and conversion of measurement from a larger unit to a smaller unit.'),
  ((select id from claim where subject_id = 1 and code = '1'),'I-5','Geometric measurement: understand concepts of volume and relate volume to multiplication and to addition.'),
  ((select id from claim where subject_id = 1 and code = '1'),'I-6','Develop understanding of statistical variability.'),
  ((select id from claim where subject_id = 1 and code = '1'),'I-7','Investigate chance processes and develop, use, and evaluate probability models.'),
  ((select id from claim where subject_id = 1 and code = '1'),'I-8','Solve real-world and mathematical problems involving volume of cylinders, cones, and spheres.'),
  ((select id from claim where subject_id = 1 and code = '1'),'I-KG','Analyze, compare, create, and compose shapes.'),
  ((select id from claim where subject_id = 1 and code = '1'),'J','Algebra: Represent and solve equations and inequalities graphically.'),
  ((select id from claim where subject_id = 1 and code = '1'),'J-1','Represent and interpret data.'),
  ((select id from claim where subject_id = 1 and code = '1'),'J-2','Reason with shapes and their attributes.'),
  ((select id from claim where subject_id = 1 and code = '1'),'J-3','Geometric measurement: recognize perimeter as an attribute of plane figures and distinguish between linear and area measures.'),
  ((select id from claim where subject_id = 1 and code = '1'),'J-4','Represent and interpret data.'),
  ((select id from claim where subject_id = 1 and code = '1'),'J-5','Graph points on the coordinate plane to solve real-world and mathematical problems.'),
  ((select id from claim where subject_id = 1 and code = '1'),'J-6','Summarize and describe distributions.'),
  ((select id from claim where subject_id = 1 and code = '1'),'J-8','Investigate patterns of association in bivariate data.'),
  ((select id from claim where subject_id = 1 and code = '1'),'K','Functions: Understand the concept of a function and use function notation.'),
  ((select id from claim where subject_id = 1 and code = '1'),'K-1','Reason with shapes and their attributes.'),
  ((select id from claim where subject_id = 1 and code = '1'),'K-3','Reason with shapes and their attributes.'),
  ((select id from claim where subject_id = 1 and code = '1'),'K-4','Geometric measurement: understand concepts of angle and measure angles.'),
  ((select id from claim where subject_id = 1 and code = '1'),'K-5','Classify two-dimensional figures into categories based on their properties.'),
  ((select id from claim where subject_id = 1 and code = '1'),'L','Functions: Interpret functions that arise in applications in terms of the context.'),
  ((select id from claim where subject_id = 1 and code = '1'),'L-4','Draw and identify lines and angles, and classify shapes by properties of their lines and angles.'),
  ((select id from claim where subject_id = 1 and code = '1'),'M','Functions: Analyze functions using different representations.'),
  ((select id from claim where subject_id = 1 and code = '1'),'N','Functions: Build a function that models a relationship between two quantities.'),
  ((select id from claim where subject_id = 1 and code = '1'),'O','Geometry: Prove geometric theorems.'),
  ((select id from claim where subject_id = 1 and code = '1'),'P','Geometry: Define trigonometric ratios and solve problems involving right triangles.'),
  ((select id from claim where subject_id = 1 and code = '1'),'Q','Statistics and Probability: Summarize, represent, and interpret data on a single count or measurement variable.'),
  ((select id from claim where subject_id = 1 and code = '2'),'A','Apply mathematics to solve well-posed problems arising in everyday life, society, and the workplace.'),
  ((select id from claim where subject_id = 1 and code = '2'),'B','Select and use appropriate tools strategically.'),
  ((select id from claim where subject_id = 1 and code = '2'),'C','Interpret results in the context of a situation.'),
  ((select id from claim where subject_id = 1 and code = '2'),'D','Identify important quantities in a practical situation and map their relationships (e.g., using diagrams, two-way tables, graphs, flowcharts, or formulas). (DOK 1, 2, 3)'),
  ((select id from claim where subject_id = 1 and code = '3'),'A','Test propositions or conjectures with specific examples.'),
  ((select id from claim where subject_id = 1 and code = '3'),'B','Construct, autonomously, chains of reasoning that will justify or refute propositions or conjectures.'),
  ((select id from claim where subject_id = 1 and code = '3'),'C','State logical assumptions being used.'),
  ((select id from claim where subject_id = 1 and code = '3'),'D','Use the technique of breaking an argument into cases.'),
  ((select id from claim where subject_id = 1 and code = '3'),'E','Distinguish correct logic or reasoning from that which is flawed, and—if there is a flaw in the argument—explain what it is.'),
  ((select id from claim where subject_id = 1 and code = '3'),'F','Base arguments on concrete referents such as objects, drawings, diagrams, and actions.'),
  ((select id from claim where subject_id = 1 and code = '3'),'G','At later grades, determine conditions under which an argument does and does not apply. (For example, area increases with perimeter for squares, but not for all plane figures.)'),
  ((select id from claim where subject_id = 1 and code = '4'),'A','Apply mathematics to solve problems arising in everyday life, society, and the workplace.'),
  ((select id from claim where subject_id = 1 and code = '4'),'B','Construct, autonomously, chains of reasoning to justify mathematical models used, interpretations made, and solutions proposed for a complex problem.'),
  ((select id from claim where subject_id = 1 and code = '4'),'C','State logical assumptions being used.'),
  ((select id from claim where subject_id = 1 and code = '4'),'D','Interpret results in the context of a situation.'),
  ((select id from claim where subject_id = 1 and code = '4'),'E','Analyze the adequacy of and make improvements to an existing model or develop a mathematical model of a real phenomenon.'),
  ((select id from claim where subject_id = 1 and code = '4'),'F','Identify important quantities in a practical situation and map their relationships (e.g., using diagrams, two-way tables, graphs, flowcharts, or formulas).'),
  ((select id from claim where subject_id = 1 and code = '4'),'G','Identify, analyze and synthesize relevant external resources to pose or solve problems.');
